id,kode
1,......
2,00
3,0000
4,0001
5,0002
6,0011299711027
7,007916248847
8,007916248854
9,011747233026
10,011747233033
11,011747233842
12,011747233965
13,022859472999
14,0416037695681
15,0501177895531
16,0501237895495
17,0601209
18,089686010015
19,089686010046
20,089686010527
21,089686010718
22,089686010947
23,089686011036
24,089686014280
25,089686014884
26,089686014914
27,089686014945
28,089686017724
29,089686017748
30,089686017755
31,089686017809
32,089686017816
33,08968601785
34,089686018011
35,089686018042
36,089686018059
37,089686018080
38,089686021219
39,089686023152
40,089686023787
41,089686043273
42,089686043297
43,089686043334
44,089686043358
45,089686043686
46,089686043983
47,089686043990
48,089686044072
49,089686048001
50,089686048704
51,089686059717
52,089686059748
53,089686059779
54,089686060027
55,089686060065
56,089686060126
57,089686060164
58,089686060362
59,089686060522
60,089686060539
61,089686060744
62,089686060775
63,089686061024
64,089686061079
65,089686061123
66,089686400427
67,089686400526
68,089686400816
69,089686401721
70,089686401851
71,089686420036
72,089686423242
73,089686535044
74,089686535143
75,089686535242
76,089686590036
77,089686596427
78,089686596441
79,089686596465
80,089686596502
81,089686598018
82,089686598025
83,089686598056
84,089686598414
85,089686598421
86,089686598766
87,089686598933
88,089686599077
89,089686600223
90,089686600513
91,089686600544
92,089686600810
93,089686600841
94,089686604443
95,089686604450
96,089686611519
97,089686611540
98,089686611601
99,089686611618
100,089686611649
101,089686611670
102,089686611700
103,089686611779
104,089686611908
105,089686680058
106,089686680089
107,089686681017
108,089686681055
109,089686681093
110,089686681154
111,089686681185
112,089686681253
113,089686681284
114,089686681659
115,089686681666
116,089686681697
117,089686681703
118,089686681819
119,089686681826
120,089686681833
121,089686683011
122,089686683042
123,089686683516
124,089686683547
125,0896866870266
126,089686687033
127,089686691078
128,089686820072
129,089686820171
130,089686820607
131,089686820652
132,089686821055
133,089686821086
134,089686826012
135,089686827019
136,089686827040
137,089686827071
138,089686827149
139,089686834055
140,089686834307
141,089686850048
142,089686910384
143,089686910704
144,089686915709
145,092399558828
146,100
147,100001
148,100002
149,100003
150,100004
151,101
152,102
153,1027
154,103
155,104
156,105
157,106
158,106089
159,107142868755
160,108
161,109
162,110
163,11000
164,111
165,111111
166,11209058
167,1123132
168,114
169,115
170,116
171,117
172,118
173,1196
174,12
175,120
176,12000
177,120080074958
178,121212
179,1212313
180,122424
181,123
182,12345
183,1234567
184,1235
185,124
186,125
187,1254368
188,13
189,130
190,1313464313166
191,14
192,1421
193,143
194,144
195,145
196,1455
197,146
198,148
199,15
200,150
201,151
202,1515151
203,1563064961438
204,158
205,159
206,16
207,167923434760
208,171
209,172
210,173
211,179
212,18
213,182
214,183
215,186
216,187
217,187084
218,188
219,189
220,189132314626
221,190
222,191
223,192
224,193
225,194
226,196
227,197
228,198354679567
229,2
230,20
231,200
232,201
233,202
234,204
235,206
236,2076
237,2108
238,2109
239,211
240,2123
241,2141
242,2143
243,215331301181
244,219726
245,22
246,221720
247,222222
248,22300312
249,2257
250,2281
251,23
252,2313
253,234
254,2343
255,236
256,2362
257,2363
258,2365
259,2373
260,24
261,2415
262,245
263,2473
264,2508794452107
265,2508794452114
266,2508794452121
267,2508794452138
268,252522
269,252525
270,25555
271,255556
272,255665
273,2573
274,2574
275,2606
276,2610
277,264
278,2655
279,2656
280,2677
281,268
282,269
283,2693
284,27
285,270
286,2731
287,2742
288,2780
289,2782
290,2787
291,279
292,2796
293,28
294,280
295,2808
296,2809
297,281
298,2810
299,2810000903
300,2811
301,282
302,283
303,284
304,2847
305,2848
306,285
307,2855
308,2856
309,286
310,2860
311,287
312,2873
313,2875
314,289
315,292
316,293
317,2939
318,294
319,2958
320,297
321,2973
322,2976
323,298
324,299
325,2990
326,300
327,3005
328,3006
329,301
330,3014260301705
331,3014260786847
332,3014260803926
333,3014260803957
334,3014260821883
335,3014260842956
336,3014260855550
337,302
338,3024875060119
339,3029
340,3056
341,3065
342,308
343,3089
344,309
345,3090
346,3093
347,31
348,3105
349,3108
350,3116
351,3146
352,3166
353,3169
354,3170
355,3171
356,3175
357,3176
358,3177
359,318
360,320
361,3200
362,321
363,322
364,323
365,323334
366,324
367,3244
368,3246
369,3248
370,3256
371,3257
372,3258
373,3259
374,3260
375,3263
376,3287
377,3288
378,3298
379,33
380,330
381,3304
382,3307
383,331
384,3316
385,3323
386,333
387,334
388,335
389,3356
390,3357
391,3358
392,3359
393,336
394,34
395,3432
396,3442
397,3443
398,34454
399,3459
400,3499
401,350
402,3503
403,3515
404,352
405,3523
406,3524
407,3525
408,3590
409,3664
410,3665
411,3667
412,3668
413,3673
414,3674
415,3675
416,3682
417,370
418,371
419,3711
420,3714
421,3720
422,3747
423,3751
424,3752
425,376
426,3762
427,3767
428,3770
429,3776
430,378
431,38
432,380
433,381
434,382
435,3831
436,3832
437,3834
438,3843
439,386
440,3868
441,3869
442,388
443,3885
444,389
445,3897
446,39
447,3916
448,3918
449,392
450,3926
451,3928
452,394
453,3941
454,3965
455,3966
456,397
457,3978050832148
458,398
459,4005401171027
460,4005808694822
461,4005808713226
462,4007
463,4007817104118
464,4007817137284
465,4007817524206
466,4007817920121
467,4011
468,4012
469,402090048274
470,4039
471,4053
472,41
473,412030089571
474,4137
475,4143
476,416037695681
477,4164
478,4168
479,4173
480,42
481,4210201028079
482,422
483,4227
484,423
485,4233
486,4258
487,4259
488,427
489,4289
490,429
491,43
492,4312
493,433
494,434
495,435
496,436
497,44
498,440
499,4415
500,4417
501,4444444444444
502,45
503,45215
504,4545443
505,45456456
506,4547808804622
507,4549292041880
508,4549292041903
509,4549292041927
510,4549292041941
511,4549526600388
512,4552
513,4553
514,4564
515,45641457
516,4568782453866
517,46
518,4604
519,4605
520,4607
521,4676
522,47
523,4710117601217
524,4710363035965
525,4710363035989
526,4710587093987
527,4711036008569
528,4711036008705
529,4711036011101
530,4711036011330
531,4711036011347
532,4711036011354
533,4711036011361
534,4711036011378
535,4711036011392
536,4711036013365
537,4711036014140
538,4711036014348
539,4711036015321
540,4711036015390
541,4711036016748
542,4711036020714
543,4711036051701
544,4716206036267
545,4780
546,4789
547,4794
548,4800060420406
549,4800318407739
550,4800888141101
551,4800888157959
552,4800888161024
553,4800888172761
554,4801010120223
555,4801010127321
556,4801010560432
557,4801010560500
558,4801010561309
559,4801010561507
560,4801010562108
561,4809010740212
562,4836
563,4883
564,4884
565,4890
566,4891228410049
567,4891228410056
568,4891228607012
569,4893049120008
570,4893049120046
571,4893055015619
572,4899
573,49
574,4902430101981
575,4902430102001
576,4902430102018
577,4902430102247
578,4902430102254
579,4902430104203
580,4902430104395
581,4902430104487
582,4902430104845
583,4902430117203
584,4902430121361
585,4902430142076
586,4902430142083
587,4902430142410
588,4902430164023
589,4902430196345
590,4902430213899
591,4902430216159
592,4902430219013
593,4902430233644
594,4902430250160
595,4902430252607
596,4902430252812
597,4902430255714
598,4902430260183
599,4902430264853
600,4902430265003
601,4902430265591
602,4902430266772
603,4902430271905
604,4902430272827
605,4902430272872
606,4902430272889
607,4902430272902
608,4902430273916
609,4902430273923
610,4902430274159
611,4902430276436
612,4902430276443
613,4902430276481
614,4902430279062
615,4902430279307
616,4902430284134
617,4902430284288
618,4902430284295
619,4902430284301
620,4902430284318
621,4902430284325
622,4902430284646
623,4902430289023
624,4902430289450
625,4902430289511
626,4902430289658
627,4902430296298
628,4902430300995
629,4902430301008
630,4902430301015
631,4902430302425
632,4902430302449
633,4902430302470
634,4902430302494
635,4902430302500
636,4902430313209
637,4902430313483
638,4902430313919
639,4902430313933
640,4902430326551
641,4902430326575
642,4902430326582
643,4902430332163
644,4902430335386
645,4902430349062
646,4902430358583
647,4902430359856
648,4902430362917
649,4902430370950
650,4902430390095
651,4902430390156
652,4902430391139
653,4902430391160
654,4902430391177
655,4902430391184
656,4902430391191
657,4902430391214
658,4902430391504
659,4902430391788
660,4902430393126
661,4902430396028
662,4902430396356
663,4902430396363
664,4902430396370
665,4902430396998
666,4902430399333
667,4902430399364
668,4902430399371
669,4902430399418
670,4902430399456
671,4902430399531
672,4902430399623
673,4902430399630
674,4902430400527
675,4902430400602
676,4902430400640
677,4902430400664
678,4902430400688
679,4902430400695
680,4902430400725
681,4902430400732
682,4902430400862
683,4902430400879
684,4902430400886
685,4902430400909
686,4902430400947
687,4902430400978
688,4902430401142
689,4902430401159
690,4902430401173
691,4902430414289
692,4902430414296
693,4902430414944
694,4902430415729
695,4902430415736
696,4902430415743
697,4902430415750
698,4902430415767
699,4902430415873
700,4902430415897
701,4902430415934
702,4902430415958
703,4902430415972
704,4902430416023
705,4902430416030
706,4902430416542
707,4902430416559
708,4902430418300
709,4902430419017
710,4902430428118
711,4902430428316
712,4902430428354
713,490243042836
714,4902430428361
715,4902430428378
716,4902430428385
717,4902430428408
718,4902430428415
719,4902430428422
720,4902430428439
721,4902430428460
722,4902430429368
723,4902430429375
724,4902430429382
725,4902430429399
726,4902430429405
727,4902430430869
728,4902430430883
729,4902430432245
730,4902430432252
731,4902430432269
732,4902430432603
733,4902430433082
734,4902430436250
735,4902430436717
736,4902430451086
737,4902430451451
738,4902430451475
739,4902430451512
740,4902430452724
741,4902430452786
742,4902430453172
743,4902430458757
744,4902430458764
745,4902430458788
746,4902430461313
747,4902430463300
748,4902430463324
749,4902430463805
750,4902430468930
751,4902430473224
752,4902430477161
753,4902430477185
754,4902430482783
755,4902430504355
756,4902430504454
757,4902430504522
758,4902430504584
759,4902430506960
760,4902430507066
761,4902430507172
762,4902430507516
763,4902430507523
764,4902430532884
765,4902430533997
766,4902430534000
767,4902430534079
768,4902430538572
769,4902430538596
770,4902430538602
771,4902430542739
772,4902430542753
773,4902430553629
774,4902430553636
775,4902430557122
776,4902430557139
777,4902430557146
778,4902430557153
779,4902430557207
780,4902430563864
781,4902430563871
782,4902430563888
783,4902430563895
784,4902430563901
785,4902430563918
786,4902430563925
787,4902430563932
788,4902430563949
789,4902430566834
790,4902430566858
791,4902430566865
792,4902430566872
793,4902430566889
794,4902430566896
795,4902430566988
796,4902430594721
797,4902430611251
798,4902430611305
799,4902430640893
800,4902430640909
801,4902430641180
802,4902430641197
803,4902430641531
804,4902430642057
805,4902430660563
806,4902430693455
807,4902430697941
808,4902430697965
809,4902430697972
810,4902430697996
811,4902430720274
812,4902430720298
813,4902430734929
814,4902430737142
815,4902430745703
816,4902430753333
817,4902430759229
818,4902430963343
819,4902430963350
820,4902430963367
821,4902430972260
822,4902430975858
823,4902505166457
824,4902505166761
825,4902806016420
826,4902870729141
827,4902870762131
828,4902870775711
829,4906
830,491558
831,4938
832,4960999617053
833,4968306479585
834,4968306479592
835,4968306479608
836,4968306479653
837,4968306479660
838,4968306479677
839,4970129000518
840,4970129004516
841,4970129028512
842,4970129030515
843,4970129031512
844,4970129056010
845,4970129724483
846,4970129726517
847,4970129726524
848,4970129726531
849,4970129726548
850,4970129727514
851,4970129727521
852,4970129727538
853,4970129727545
854,4970129732518
855,4970129732532
856,4970129733010
857,4970430100518
858,4970430661316
859,4970430661415
860,4970430661613
861,4970430661910
862,4976
863,4987176002679
864,4987176002730
865,4987176003829
866,4987176004611
867,4987176006783
868,4987176006882
869,4987176006998
870,4987176600554
871,50
872,5013405654957
873,5013405655497
874,5022
875,5030
876,5038
877,5039
878,5040
879,5047
880,5073
881,5077
882,5087
883,5097
884,51
885,5110
886,5135
887,5137
888,5138
889,5170
890,5178
891,5191
892,5204214013299
893,5207
894,5210
895,5216
896,5218
897,5245
898,5299
899,53
900,5362
901,54
902,5404
903,5418
904,5419
905,5421
906,5423
907,5432
908,5433
909,5434
910,5435
911,5436
912,5454121
913,5463
914,5487
915,5491
916,55
917,5512
918,5513
919,5531
920,5532
921,5533
922,5575
923,5584
924,5585
925,5587
926,56
927,5607
928,5619889536118
929,5644
930,564452
931,56565656
932,57
933,5702231452010
934,5702231453109
935,5702231453147
936,5702231453222
937,5702231453239
938,5702231453451
939,5702231453727
940,5702231465126
941,5702231465195
942,5702231465614
943,5702234211010
944,5702234211041
945,5702234211058
946,5702234211102
947,5702234211614
948,5702234211638
949,5702234211645
950,5702234211652
951,5702238211009
952,5709
953,5710
954,5711
955,5737
956,5738
957,5740
958,5745
959,5746
960,5747
961,5752
962,5762
963,5767
964,579
965,58
966,5815
967,5816
968,5831
969,5832
970,5872
971,5881
972,5883
973,5885
974,5921
975,5962
976,5972
977,5987
978,60
979,6011
980,6012
981,6013
982,6015
983,6018318103027
984,6025168110471
985,6035
986,6055
987,6058
988,6059
989,6060
990,6063
991,6064
992,6115
993,6131
994,6162
995,6164
996,6177
997,6181
998,6182
999,619333100001
1000,620032
1001,6210
1002,6211
1003,6212
1004,6216
1005,6217
1006,6219
1007,6221050002231
1008,6230
1009,6248
1010,6268
1011,63
1012,6329
1013,6330
1014,6331
1015,6333
1016,6334
1017,6335
1018,6384
1019,6385
1020,6386
1021,64
1022,6428
1023,6473
1024,6474
1025,6492
1026,6493
1027,6494
1028,6495
1029,6496
1030,6501
1031,6520
1032,6535
1033,6542
1034,6575
1035,66
1036,6609
1037,6610
1038,6622
1039,6623
1040,6624
1041,6630
1042,66444
1043,6647
1044,6648
1045,6651
1046,6671
1047,6672
1048,6700
1049,6701
1050,6703
1051,6704
1052,6708
1053,6709
1054,6724
1055,6727
1056,6729
1057,6732
1058,6745
1059,6746
1060,6747
1061,6750
1062,6751
1063,6756
1064,6760
1065,6767
1066,6768
1067,6789
1068,68
1069,6818
1070,6844
1071,6861
1072,6869
1073,6870
1074,6871
1075,6872
1076,6873
1077,6874
1078,6881
1079,6890
1080,6891
1081,6892
1082,69
1083,6901404010814
1084,6901404011255
1085,6901668053121
1086,69024894
1087,6903568850374
1088,6908594414019
1089,6908594414026
1090,6908594417034
1091,6908594419021
1092,6910100011582
1093,6912
1094,6913
1095,6914973600362
1096,6914973600669
1097,6917
1098,6920403162751
1099,6921434400041
1100,6921434400058
1101,6921434400065
1102,6921696180002
1103,6921696180026
1104,6923041321214
1105,6923492589348
1106,6923492589355
1107,6923492589362
1108,6923655502139
1109,6923655533744
1110,6923655534840
1111,6923655535304
1112,6923655537179
1113,6923655544696
1114,6923655550154
1115,6924187850972
1116,6924187851658
1117,6924247425676
1118,6925473825278
1119,6925473832009
1120,6925473835802
1121,6925473850300
1122,6925473850775
1123,6925473850942
1124,6925473851031
1125,6925473851062
1126,6925473851109
1127,6925473851147
1128,6925473851192
1129,6925473851468
1130,6925473851482
1131,6925473851499
1132,6925473851543
1133,6925473851567
1134,6925473851680
1135,6925473851758
1136,6925473851772
1137,6925473851789
1138,6925689803473
1139,6925722100132
1140,6926
1141,6927833104481
1142,6928114180569
1143,6928395766582
1144,6928820029558
1145,6928820029572
1146,6930616605198
1147,69319277403459
1148,6932255599821
1149,6932604947488
1150,6936063817009
1151,6940
1152,6941094300253
1153,6941287410042
1154,6945208210087
1155,6946537047443
1156,6946537047481
1157,6954725603500
1158,6955818208350
1159,6973
1160,6976
1161,6986
1162,6987
1163,6988
1164,6992141111971
1165,6995
1166,6998
1167,7012
1168,7040
1169,7042
1170,7048
1171,7049
1172,7050
1173,7051
1174,7068
1175,7071
1176,7079
1177,71
1178,7109
1179,711844110113
1180,711844110700
1181,711844110762
1182,711844115057
1183,711844120037
1184,711844120082
1185,711844120105
1186,711844120396
1187,711844120402
1188,711844130111
1189,711844160033
1190,711844160071
1191,711844162402
1192,711844162419
1193,711844162426
1194,711844167001
1195,711844330009
1196,7137
1197,7138
1198,7140
1199,7141
1200,7145
1201,7154
1202,717
1203,7170029
1204,7170067
1205,7170072
1206,7170073
1207,7170075
1208,7170077
1209,7170081
1210,7170084
1211,7170085
1212,7170086
1213,7170092
1214,7170093
1215,7170095
1216,7170099
1217,7170296
1218,7170387
1219,7170459
1220,7170683
1221,717107
1222,717121
1223,7172781
1224,7172960
1225,717307
1226,7173179
1227,7173322
1228,7173324
1229,7173518
1230,7173833
1231,7173915
1232,7174175
1233,7174176
1234,7174313
1235,7174412
1236,7174515
1237,7174837
1238,7174838
1239,7175111
1240,7175399
1241,7175422
1242,7175543
1243,7175583
1244,7175586
1245,7175814
1246,7175880
1247,7176060
1248,7176393
1249,7176425
1250,7176426
1251,7176427
1252,7176431
1253,7176432
1254,7176493
1255,71765
1256,7176525
1257,7176526
1258,7176527
1259,7176528
1260,7176529
1261,7176530
1262,7176531
1263,7176532
1264,7176533
1265,7176534
1266,7176535
1267,7176536
1268,7176537
1269,7176538
1270,7176539
1271,717654
1272,7176540
1273,7176541
1274,7176544
1275,7176545
1276,7176546
1277,7176547
1278,7176549
1279,7176550
1280,7176551
1281,7176552
1282,7176553
1283,7176554
1284,7176555
1285,7176556
1286,7176557
1287,7176558
1288,7176559
1289,7176560
1290,7176561
1291,7176562
1292,7176563
1293,7176564
1294,7176565
1295,7176566
1296,7176567
1297,7176568
1298,7176569
1299,7176570
1300,7176571
1301,7176572
1302,7176575
1303,7176576
1304,7176577
1305,7176578
1306,7176579
1307,7176580
1308,7176581
1309,7176582
1310,7176583
1311,7176584
1312,7176585
1313,7176586
1314,7176587
1315,7176588
1316,7176589
1317,7176590
1318,7176591
1319,7176592
1320,7176593
1321,7176594
1322,7176595
1323,7176596
1324,7176597
1325,71765979
1326,7176598
1327,7176599
1328,7176600
1329,7176601
1330,7176602
1331,7176603
1332,7176604
1333,7176605
1334,7176606
1335,7176607
1336,7176608
1337,7176609
1338,7176610
1339,7176611
1340,7176612
1341,7176613
1342,7176614
1343,7176615
1344,7176616
1345,7176617
1346,7176618
1347,7176620
1348,7176621
1349,7176622
1350,7176623
1351,7176624
1352,7176625
1353,7176626
1354,7176627
1355,7176628
1356,7176629
1357,7176630
1358,7176631
1359,7176632
1360,7176633
1361,7176634
1362,7176635
1363,7176636
1364,7176637
1365,7176638
1366,7176639
1367,7176640
1368,7176641
1369,7176642
1370,7176643
1371,7176644
1372,7176645
1373,7176646
1374,7176647
1375,7176648
1376,7176649
1377,7176650
1378,7176651
1379,7176652
1380,7176653
1381,7176654
1382,7176655
1383,7176656
1384,7176657
1385,7176658
1386,7176659
1387,7176660
1388,7176661
1389,7176662
1390,7176663
1391,7176664
1392,7176665
1393,7176666
1394,7176667
1395,7176668
1396,7176669
1397,7176670
1398,7176671
1399,7176672
1400,7176673
1401,7176674
1402,7176675
1403,7176684
1404,7176685
1405,7176686
1406,7176687
1407,7176688
1408,7176689
1409,7176690
1410,7176691
1411,7176692
1412,7176693
1413,7176694
1414,7176695
1415,7176696
1416,7176697
1417,7176698
1418,7176699
1419,7176700
1420,7176701
1421,7176702
1422,71767021
1423,7176703
1424,7176704
1425,7176705
1426,7176706
1427,7176707
1428,7176708
1429,7176709
1430,7176710
1431,7176711
1432,7176715
1433,7176716
1434,7176717
1435,7176718
1436,7176719
1437,7176720
1438,7176721
1439,7176722
1440,7176723
1441,7176724
1442,7176725
1443,7176726
1444,7176727
1445,7176728
1446,7176729
1447,7176730
1448,7176731
1449,7176745
1450,7176746
1451,7176747
1452,7176748
1453,7176749
1454,7176752
1455,7176753
1456,7176754
1457,7176755
1458,7176758
1459,7176776
1460,7176785
1461,7176788
1462,7176789
1463,7176794
1464,7176795
1465,7176796
1466,7176797
1467,7176798
1468,7176799
1469,7176800
1470,7176801
1471,7176802
1472,7176803
1473,7176804
1474,7176805
1475,7176806
1476,7176807
1477,7176808
1478,7176809
1479,7176810
1480,7176815
1481,7176816
1482,7176817
1483,7176819
1484,7176820
1485,7176821
1486,7176822
1487,7176823
1488,7176826
1489,7176827
1490,7176828
1491,7176829
1492,7176830
1493,7176831
1494,7176832
1495,7176833
1496,7176834
1497,71768359
1498,7176839
1499,7176840
1500,7176841
1501,7176861
1502,7176862
1503,7176863
1504,7176864
1505,7176865
1506,7176866
1507,7176867
1508,7176868
1509,7176871
1510,7176872
1511,7176873
1512,7176874
1513,7176875
1514,7176876
1515,7176904
1516,7176906
1517,7176907
1518,7176908
1519,7176909
1520,7176910
1521,7176911
1522,7176912
1523,7176913
1524,7176914
1525,7176915
1526,7176916
1527,7176921
1528,7176922
1529,7176934
1530,7176935
1531,7176936
1532,7176937
1533,7176938
1534,7176939
1535,7176940
1536,7176941
1537,7176942
1538,7176943
1539,7176944
1540,7176945
1541,7176946
1542,7176947
1543,7176948
1544,7176949
1545,7176950
1546,7176951
1547,7176955
1548,7176956
1549,7176957
1550,7176958
1551,7176959
1552,7176960
1553,7176961
1554,7176962
1555,7176963
1556,7176964
1557,7176965
1558,7176966
1559,7176967
1560,7176968
1561,7176969
1562,7176970
1563,7176971
1564,7176972
1565,7176973
1566,7176974
1567,7176975
1568,7176976
1569,7176977
1570,7176978
1571,7176979
1572,7176980
1573,7176981
1574,7176982
1575,7176983
1576,7176984
1577,7176985
1578,7176986
1579,7176987
1580,7176988
1581,7176989
1582,7176990
1583,7176991
1584,7176992
1585,7176993
1586,7176994
1587,7176995
1588,7176996
1589,7176997
1590,7176998
1591,7176999
1592,7177000
1593,7177001
1594,7177002
1595,7177003
1596,7177004
1597,7177005
1598,7177006
1599,7177022
1600,7177023
1601,7177024
1602,7177028
1603,7177029
1604,7177030
1605,7177031
1606,7177032
1607,7177033
1608,7177034
1609,7177035
1610,7177038
1611,7177039
1612,7177040
1613,7177047
1614,7177050
1615,7177051
1616,7177057
1617,7177058
1618,7177059
1619,7177064
1620,7177065
1621,7177066
1622,7177067
1623,7177068
1624,7177069
1625,7177070
1626,7177071
1627,7177072
1628,7177073
1629,7177074
1630,7177075
1631,7177078
1632,7177080
1633,7177081
1634,7177082
1635,7177083
1636,7177085
1637,7177086
1638,7177087
1639,7177092
1640,7177093
1641,7177094
1642,7177095
1643,7177096
1644,7177102
1645,7177103
1646,7177104
1647,7177105
1648,7177106
1649,7177107
1650,7177116
1651,7177117
1652,7177124
1653,7177126
1654,7177127
1655,7177128
1656,7177129
1657,7177130
1658,7177131
1659,7177132
1660,7177133
1661,7177134
1662,7177135
1663,7177136
1664,7177139
1665,7177140
1666,7177141
1667,7177142
1668,7177143
1669,7177144
1670,7177146
1671,7177147
1672,7177148
1673,7177149
1674,7177150
1675,7177151
1676,7177152
1677,7177153
1678,7177154
1679,7177155
1680,7177156
1681,7177157
1682,7177158
1683,7177164
1684,7177168
1685,7177169
1686,7177183
1687,7177184
1688,7177185
1689,7177187
1690,7177188
1691,7177192
1692,7177193
1693,7177194
1694,7177195
1695,7177196
1696,7177197
1697,7177199
1698,7177200
1699,7177201
1700,7177202
1701,7177203
1702,7177204
1703,7177205
1704,7177206
1705,7177207
1706,7177208
1707,7177209
1708,7177210
1709,7177211
1710,7177212
1711,7177213
1712,7177214
1713,7177215
1714,7177216
1715,7177217
1716,7177218
1717,7177219
1718,7177220
1719,7177221
1720,7177222
1721,7177223
1722,7177224
1723,7177225
1724,7177226
1725,7177227
1726,7177228
1727,7177229
1728,7177230
1729,7177231
1730,7177232
1731,7177233
1732,7177234
1733,7177235
1734,7177236
1735,7177237
1736,7177265
1737,7177269
1738,7177270
1739,7177272
1740,7177273
1741,7177278
1742,7177280
1743,7177281
1744,7177282
1745,7177294
1746,7177295
1747,7177296
1748,7177301
1749,7177303
1750,7177304
1751,7177305
1752,7177311
1753,7177313
1754,7177315
1755,7177318
1756,7177344
1757,7177346
1758,7177347
1759,7177348
1760,7177349
1761,7177350
1762,7177351
1763,7177352
1764,7177353
1765,7177354
1766,7177355
1767,7177356
1768,7177357
1769,7177358
1770,7177359
1771,7177361
1772,7177362
1773,7177363
1774,7177364
1775,7177365
1776,7177375
1777,7177388
1778,7177389
1779,7177417
1780,7177418
1781,7177419
1782,7177420
1783,7177775
1784,7177777
1785,7178498
1786,7179184
1787,7179421
1788,7179997
1789,7179998
1790,7179999
1791,7197
1792,7204
1793,74
1794,749921000378
1795,749921000583
1796,749921000651
1797,749921002013
1798,749921005113
1799,749921005373
1800,749921005946
1801,749921006110
1802,749921006158
1803,749921006172
1804,749921006646
1805,749921006738
1806,749921006752
1807,749921006820
1808,749921006868
1809,749921009661
1810,749921010018
1811,749921010032
1812,749921010049
1813,749921010292
1814,749921010360
1815,749921010391
1816,749921030016
1817,749921030030
1818,749921030085
1819,749921030146
1820,7546
1821,76
1822,7622210027627
1823,7622210077912
1824,7622210287045
1825,7622210287212
1826,7622210360472
1827,7622210437617
1828,7622210437686
1829,7622210437709
1830,7622210462534
1831,7622210476005
1832,7622210476043
1833,7622210476067
1834,7622210609359
1835,7622210609397
1836,7622210640994
1837,7622210681614
1838,7622210708434
1839,7622210726247
1840,7622210726285
1841,7622210737533
1842,7622300136048
1843,7622300136055
1844,7622300335809
1845,7622300405588
1846,7622300442231
1847,7622300442392
1848,7622300442477
1849,7622300442507
1850,7622300450489
1851,7622300484071
1852,7622300484095
1853,7622300650728
1854,7622300650827
1855,7622300650902
1856,7622300705589
1857,7622300761349
1858,7622300761363
1859,7640129890040
1860,7717084
1861,7785799441182
1862,78
1863,7882325348264
1864,79
1865,793963
1866,80
1867,8001090006073
1868,800142333031
1869,800142384200
1870,800142384309
1871,800142384316
1872,800142384385
1873,800142384392
1874,800142384408
1875,800142384415
1876,800142384439
1877,800142384651
1878,800142384828
1879,800142384835
1880,800142386099
1881,800142623101
1882,800142624108
1883,8118972511188
1884,8170568912854
1885,82
1886,8286073260400
1887,83
1888,8465358415012
1889,8694302014609
1890,8694302024608
1891,87
1892,8746
1893,876547895429
1894,876547895573
1895,8798
1896,88
1897,8836733575858
1898,8850007014478
1899,8850007652564
1900,8850007652588
1901,8850007700050
1902,8850007812838
1903,8850169402502
1904,8850169403011
1905,8850169412501
1906,8850169413010
1907,8850169432509
1908,8850169442508
1909,8850169461158
1910,8850169519507
1911,8850169850839
1912,8851111200207
1913,8851111201204
1914,8851111400065
1915,8851111400157
1916,8851111400362
1917,8851123212038
1918,8851818003101
1919,8851818097803
1920,8851818537309
1921,8851818936805
1922,8851818936812
1923,8851932171403
1924,8851932172264
1925,8851932181853
1926,8851932266369
1927,8851932310352
1928,8851932320863
1929,8851932343831
1930,8851932365192
1931,8851932368506
1932,8852008300116
1933,8852008300130
1934,8852008300741
1935,8852008302363
1936,8852008510010
1937,8870608424520
1938,88820293
1939,88820309
1940,8885007024080
1941,8885007024097
1942,8885007024103
1943,8885007024110
1944,8886001012233
1945,8886001038011
1946,8886001100855
1947,8886007811038
1948,8886007811076
1949,8886007811113
1950,8886007811427
1951,8886007811533
1952,8886007811915
1953,8886008101046
1954,8886008101053
1955,8886008101091
1956,8886008101336
1957,8886012800270
1958,8886012802052
1959,8886012805206
1960,8886012808108
1961,8886012808115
1962,8886012808122
1963,8886012808146
1964,8886012880227
1965,8886012882337
1966,8886012883242
1967,8886012883259
1968,8886012883266
1969,8886012883273
1970,8886012895122
1971,8886012895207
1972,8886013213208
1973,8886013217480
1974,8886013221203
1975,8886013222408
1976,8886013223207
1977,8886013236207
1978,8886013237600
1979,8886013245483
1980,8886013257400
1981,8886013273400
1982,8886013281481
1983,8886013281603
1984,8886013297406
1985,8886013300601
1986,8886013304609
1987,8886013338604
1988,8886013351108
1989,8886013366485
1990,8886013402206
1991,8886013405368
1992,8886013413127
1993,8886013414155
1994,8886013417149
1995,8886013425120
1996,8886013425205
1997,8886013437123
1998,8886013439127
1999,8886013456483
2000,8886013457725
2001,8886013458128
2002,8886013464037
2003,8886013464129
2004,8886013469148
2005,8886013481805
2006,8886013490142
2007,8886015201111
2008,8886015203115
2009,8886015215842
2010,8886015246297
2011,8886015401030
2012,8886015402037
2013,8886015403034
2014,8886015405106
2015,8886015409289
2016,8886015414061
2017,8886015418090
2018,8886015423131
2019,8886015427108
2020,8886015427139
2021,8886015427238
2022,8886015427603
2023,8886015428136
2024,8886015428235
2025,8886015428600
2026,8886015430139
2027,8886015433123
2028,8886015617608
2029,8886020001058
2030,8886020033431
2031,8886022810078
2032,8886022830243
2033,8886022940379
2034,8886022941512
2035,8886022962135
2036,8886022962166
2037,8886022971298
2038,8886029101049
2039,8886029388105
2040,8886029511053
2041,8886030422829
2042,8886030422836
2043,8886030422843
2044,8886030425905
2045,8886030561924
2046,8886030561931
2047,8886030561948
2048,8886031111326
2049,8886031123305
2050,8886031123312
2051,8886031123336
2052,8886047030116
2053,8886057883665
2054,8888103000118
2055,8888103000217
2056,8888103000231
2057,8888103000323
2058,8888103000613
2059,8888103003843
2060,8888103003850
2061,8888103003867
2062,8888103003881
2063,8888103003928
2064,8888103004185
2065,8888103004192
2066,8888103004208
2067,8888103004352
2068,8888103004390
2069,8888103004628
2070,8888103004956
2071,8888103004963
2072,8888103004970
2073,8888103004987
2074,8888103005762
2075,8888103005779
2076,8888103006820
2077,8888103006844
2078,8888103006868
2079,8888103006882
2080,8888103006974
2081,8888103200013
2082,8888103200617
2083,8888103201010
2084,8888103201218
2085,8888103201317
2086,8888103203014
2087,8888103205018
2088,8888166321106
2089,8888166336568
2090,8888166336605
2091,8888166336612
2092,8888166337305
2093,8888166337312
2094,8888166339927
2095,8888166339941
2096,8888166348882
2097,8888166603431
2098,8888166603462
2099,8888166603769
2100,8888166603790
2101,8888166603929
2102,8888166603943
2103,8888166606128
2104,8888166606166
2105,8888166606210
2106,8888166606227
2107,8888166606265
2108,8888166606395
2109,8888166606616
2110,8888166606890
2111,8888166607088
2112,8888166607262
2113,8888166607361
2114,8888166607392
2115,8888166607408
2116,8888166607460
2117,8888166607477
2118,8888166607637
2119,8888166609662
2120,8888166989139
2121,8888166989344
2122,8888166989474
2123,8888166989634
2124,8888166990937
2125,8888166990944
2126,8888166991002
2127,8888166992504
2128,8888166992559
2129,8888166992566
2130,8888166994386
2131,8888166994713
2132,8888166994768
2133,8888166994775
2134,8888166995475
2135,8888166996083
2136,8888299758398
2137,8888327831147
2138,8888327831253
2139,8888327831833
2140,8888327831871
2141,8888336000671
2142,8888336000701
2143,8888826016175
2144,8888826016182
2145,8888826016557
2146,8888826019589
2147,8893335515293
2148,8894884111172
2149,8896710452503
2150,8896710452534
2151,8896710452589
2152,89
2153,8901057202381
2154,8924441313715
2155,8934689734906
2156,8934868015024
2157,8934868015031
2158,8935001879640
2159,8955201011428
2160,896865350516
2161,8987355031717
2162,8987356455123
2163,8990090100150
2164,8990090100167
2165,8990090102383
2166,8990090102406
2167,8990090103014
2168,8990090103021
2169,8990090103038
2170,8990090110012
2171,8990090110029
2172,8990090120011
2173,8990090120271
2174,8990090120301
2175,8990090311501
2176,8990090411027
2177,8990090990034
2178,8990121011073
2179,8990121014029
2180,8990333100183
2181,8990333100336
2182,8990333115033
2183,8990333115088
2184,8990333115095
2185,8990333115101
2186,8990333115132
2187,8990333121126
2188,8990333121140
2189,8990333121621
2190,8990333123571
2191,8990333125544
2192,8990333127104
2193,8990333127111
2194,8990333131064
2195,8990333131095
2196,8990333138513
2197,8990333140172
2198,8990333162044
2199,8990333162051
2200,8990333162075
2201,8990333811119
2202,8990333811218
2203,8990333822610
2204,899068333062
2205,8990771302019
2206,8990771302033
2207,8990771302200
2208,8990800001784
2209,8990800004693
2210,8990800004723
2211,8990800006727
2212,8990800010359
2213,8990800010618
2214,8990800011509
2215,8990800011752
2216,8990800012322
2217,8990800012414
2218,8990800012483
2219,8990800012537
2220,8990800013954
2221,8990800014142
2222,8990800014333
2223,8990800015200
2224,8990800016580
2225,8990800016849
2226,8990800100012
2227,8990800100050
2228,8991001111289
2229,8991001111296
2230,8991001111319
2231,8991001111647
2232,8991001111708
2233,8991001111715
2234,8991001111722
2235,8991001111777
2236,8991001111869
2237,8991001111883
2238,8991001111937
2239,8991001112026
2240,8991001112040
2241,8991001112057
2242,8991001112064
2243,8991001112101
2244,8991001112590
2245,8991001121370
2246,8991001121387
2247,8991001121400
2248,8991001121455
2249,8991001121615
2250,8991001121981
2251,8991001121998
2252,8991001122001
2253,8991001122018
2254,8991001242013
2255,8991001242075
2256,8991001242372
2257,8991001242563
2258,8991001242570
2259,8991001242655
2260,8991001242662
2261,8991001242679
2262,8991001242716
2263,8991001242723
2264,8991001242976
2265,8991001242983
2266,8991001243034
2267,8991001501042
2268,8991001501059
2269,8991001502230
2270,8991001502247
2271,8991001502261
2272,8991001502896
2273,8991001502926
2274,8991001502933
2275,8991001503091
2276,8991001503107
2277,8991001503114
2278,8991001503169
2279,8991001662255
2280,8991001770011
2281,8991001770028
2282,8991001770219
2283,8991001770288
2284,8991001770295
2285,8991001770301
2286,8991001770417
2287,8991001770486
2288,8991001780126
2289,8991001780133
2290,8991001780140
2291,8991001780188
2292,8991001780225
2293,8991001780232
2294,8991001780492
2295,8991001780577
2296,8991001780904
2297,8991001780911
2298,8991001780935
2299,8991001780980
2300,8991001780997
2301,8991001781246
2302,8991001781253
2303,8991001781420
2304,8991001802088
2305,8991001802118
2306,8991001820013
2307,8991002101005
2308,8991002101104
2309,8991002101630
2310,8991002101722
2311,8991002101746
2312,8991002103238
2313,8991002103337
2314,8991002103436
2315,8991002103535
2316,8991002103764
2317,8991002103832
2318,8991002103931
2319,8991002104303
2320,8991002104914
2321,8991002105409
2322,8991002105423
2323,8991002105430
2324,8991002105447
2325,8991002105454
2326,8991002105485
2327,8991002105584
2328,8991002105645
2329,8991002105676
2330,8991002115019
2331,8991002115101
2332,8991002121003
2333,8991002121010
2334,8991002121034
2335,8991002121041
2336,8991002121058
2337,8991002121065
2338,8991002121089
2339,8991002122000
2340,8991002122017
2341,8991002301511
2342,8991002303829
2343,8991002304017
2344,8991002304413
2345,8991002304802
2346,8991002306813
2347,8991002307209
2348,8991002311107
2349,8991002312005
2350,8991002312012
2351,8991002321007
2352,8991002402317
2353,8991002504110
2354,8991002504318
2355,8991038100409
2356,8991038110354
2357,8991038110514
2358,8991038111757
2359,8991038766100
2360,8991038766605
2361,8991038772040
2362,8991038773146
2363,8991038773153
2364,8991038773344
2365,8991038773351
2366,8991038773573
2367,8991038775416
2368,8991038775553
2369,8991102020152
2370,8991102020176
2371,8991102020459
2372,8991102020473
2373,8991102020817
2374,8991102020916
2375,8991102021210
2376,8991102021234
2377,8991102022347
2378,8991102022361
2379,8991102022446
2380,8991102022460
2381,8991102023078
2382,8991102023115
2383,8991102023139
2384,8991102023238
2385,8991102023276
2386,8991102023511
2387,8991102023627
2388,8991102023658
2389,8991102023702
2390,8991102023757
2391,8991102023825
2392,8991102024099
2393,8991102024150
2394,8991102024631
2395,8991102024730
2396,8991102024778
2397,8991102024914
2398,8991102100106
2399,8991102100434
2400,8991102100458
2401,8991102100618
2402,8991102100632
2403,8991102100748
2404,8991102100809
2405,8991102100823
2406,8991102100830
2407,8991102100854
2408,8991102101202
2409,8991102101318
2410,8991102101325
2411,8991102101813
2412,8991102101837
2413,8991102103008
2414,8991102162005
2415,8991102162098
2416,8991102162111
2417,8991102162159
2418,8991102180009
2419,8991102180023
2420,8991102190008
2421,8991102190046
2422,8991102213189
2423,8991102218054
2424,8991102220071
2425,8991102222006
2426,8991102222211
2427,8991102224024
2428,8991102227032
2429,8991102227056
2430,8991102228008
2431,8991102228015
2432,8991102228053
2433,8991102230308
2434,8991102281416
2435,8991102281430
2436,8991102282178
2437,8991102282222
2438,8991102282376
2439,8991102282451
2440,8991102283151
2441,8991102283373
2442,8991102283380
2443,8991102283397
2444,8991102300322
2445,8991102300421
2446,8991102300520
2447,8991102300544
2448,8991102301602
2449,8991102301800
2450,8991102302609
2451,8991102302708
2452,8991102303002
2453,8991102303101
2454,8991102303200
2455,8991102303309
2456,8991102308892
2457,8991102320009
2458,8991102320184
2459,8991102380706
2460,8991102381000
2461,8991102381017
2462,8991102381079
2463,8991102381215
2464,8991102381314
2465,8991102383493
2466,8991102383592
2467,8991102383691
2468,8991102383721
2469,8991102383745
2470,8991102384025
2471,8991102384247
2472,8991102384520
2473,8991102384841
2474,8991102384940
2475,8991102384964
2476,8991102385053
2477,8991102385084
2478,8991102385114
2479,8991102385176
2480,8991102385329
2481,8991102385350
2482,8991102385411
2483,8991102386104
2484,8991102386180
2485,8991102386258
2486,8991102386272
2487,8991102386401
2488,8991102386548
2489,8991102386562
2490,8991102386586
2491,8991102386609
2492,8991102386623
2493,8991102387149
2494,8991102387262
2495,8991102387286
2496,8991102750028
2497,8991102750035
2498,8991102750066
2499,8991102750103
2500,8991102750356
2501,8991102750417
2502,8991102750431
2503,8991102789004
2504,8991102789103
2505,8991102792141
2506,8991102792547
2507,8991102792615
2508,8991102792653
2509,8991102792660
2510,8991102792677
2511,8991102800020
2512,8991102800358
2513,8991102800457
2514,8991102800723
2515,8991102820233
2516,8991102820288
2517,8991102820455
2518,8991102831116
2519,8991102888820
2520,8991102888882
2521,8991102888929
2522,8991102900591
2523,8991102900607
2524,8991102987301
2525,8991102987394
2526,8991102987431
2527,8991102987639
2528,8991102987738
2529,8991102987875
2530,8991102998635
2531,8991102999700
2532,8991102999861
2533,8991102999922
2534,8991111101255
2535,8991111101316
2536,8991111101323
2537,8991111101408
2538,8991111101415
2539,8991111101507
2540,8991111101576
2541,8991111101583
2542,8991111101613
2543,8991111102481
2544,8991111102603
2545,8991111102719
2546,8991111109107
2547,8991111109114
2548,8991111109121
2549,8991111109138
2550,89911111112091
2551,8991111111964
2552,8991111111971
2553,8991111111995
2554,8991111112084
2555,8991111112091
2556,8991111112107
2557,8991111112114
2558,8991111112206
2559,8991111112213
2560,8991111112237
2561,8991111112244
2562,8991111112343
2563,8991111112350
2564,8991111152059
2565,8991111152073
2566,8991111152080
2567,8991111153049
2568,8991111153063
2569,8991111153070
2570,8991111153094
2571,8991115010102
2572,8991115011109
2573,8991115012106
2574,8991115018108
2575,8991115023102
2576,8991115027100
2577,8991115040185
2578,8991115043049
2579,8991115050030
2580,8991212301448
2581,8991212301455
2582,8991212301479
2583,8991212302445
2584,8991212302469
2585,8991234416816
2586,8991234500034
2587,8991234500072
2588,8991380027201
2589,8991380028208
2590,8991380232131
2591,8991380700029
2592,8991380700036
2593,8991380700050
2594,8991380700203
2595,8991380700210
2596,8991380700548
2597,8991380700593
2598,8991380700609
2599,8991380700623
2600,8991380700760
2601,8991380700777
2602,8991389211519
2603,8991389211526
2604,8991389211571
2605,8991389220009
2606,8991389220016
2607,8991389220023
2608,8991389220030
2609,8991389220313
2610,8991389221020
2611,8991389221037
2612,8991389222218
2613,8991389227251
2614,8991389227275
2615,8991389228210
2616,8991389228227
2617,8991389228234
2618,8991389230220
2619,8991389241592
2620,8991389242124
2621,8991389247013
2622,8991389247037
2623,8991389248010
2624,8991389248034
2625,8991389248218
2626,8991389291030
2627,8991389291061
2628,8991389291153
2629,8991389291290
2630,8991389291306
2631,8991389291313
2632,8991389291320
2633,899138929501
2634,8991389295014
2635,8991389295021
2636,8991389300183
2637,8991500871431
2638,8991609100715
2639,8991654865461
2640,8991689168001
2641,8991689168025
2642,8991689168032
2643,8991689168049
2644,8991761590027
2645,8991771200329
2646,8991771200374
2647,8991771200381
2648,8991771200398
2649,8991905101027
2650,8991906101682
2651,8991906101736
2652,8991917101510
2653,8991919019950
2654,8991948301057
2655,8991948301118
2656,8991991161332
2657,8992003170403
2658,8992003782354
2659,8992003782453
2660,8992003783399
2661,8992003783474
2662,8992003783665
2663,8992003783887
2664,8992112014018
2665,8992112025021
2666,8992222010023
2667,8992222030502
2668,8992222030519
2669,8992222030526
2670,8992222030571
2671,8992222030588
2672,8992222040129
2673,8992222040136
2674,8992222040211
2675,8992222040228
2676,8992222040235
2677,8992222050043
2678,8992222050067
2679,8992222050074
2680,8992222050098
2681,8992222050104
2682,8992222050128
2683,8992222050135
2684,8992222050142
2685,8992222050159
2686,8992222050173
2687,8992222050180
2688,8992222050203
2689,8992222050241
2690,8992222050258
2691,8992222050357
2692,8992222050364
2693,8992222050388
2694,8992222050395
2695,8992222050401
2696,8992222050418
2697,8992222050456
2698,8992222050609
2699,8992222050616
2700,8992222050623
2701,8992222050685
2702,8992222051248
2703,8992222051262
2704,8992222051279
2705,8992222051286
2706,8992222051309
2707,8992222051361
2708,8992222051378
2709,8992222051385
2710,8992222051392
2711,8992222051408
2712,8992222051415
2713,899222205142
2714,8992222051422
2715,8992222051439
2716,8992222051521
2717,8992222051538
2718,8992222051545
2719,8992222051552
2720,8992222051590
2721,8992222051606
2722,8992222051613
2723,8992222051682
2724,8992222051699
2725,8992222051705
2726,8992222051712
2727,8992222051729
2728,8992222051736
2729,8992222051750
2730,8992222051767
2731,8992222051774
2732,8992222051781
2733,8992222051804
2734,8992222051873
2735,8992222051880
2736,8992222051897
2737,8992222051903
2738,8992222051941
2739,8992222052092
2740,8992222052108
2741,8992222052122
2742,8992222052177
2743,8992222052184
2744,8992222052191
2745,8992222052207
2746,8992222052214
2747,8992222052221
2748,8992222052382
2749,8992222052399
2750,8992222052405
2751,8992222052412
2752,8992222052498
2753,8992222052573
2754,8992222052979
2755,8992222052986
2756,8992222052993
2757,8992222053006
2758,8992222053013
2759,8992222053037
2760,8992222053044
2761,8992222053075
2762,8992222053082
2763,8992222053099
2764,8992222053105
2765,8992222053112
2766,8992222053129
2767,8992222053136
2768,8992222053143
2769,8992222053235
2770,8992222053259
2771,8992222053266
2772,8992222053273
2773,8992222053297
2774,8992222053426
2775,8992222053433
2776,8992222053440
2777,8992222053457
2778,8992222053464
2779,8992222053624
2780,8992222053648
2781,8992222053655
2782,8992222053662
2783,8992222053679
2784,8992222053686
2785,8992222053693
2786,8992222053709
2787,8992222053716
2788,8992222053723
2789,8992222053730
2790,8992222054010
2791,8992222054027
2792,8992222054034
2793,8992222054041
2794,8992222054508
2795,8992222054515
2796,8992222054522
2797,8992222054539
2798,8992222054546
2799,8992222054553
2800,8992222054560
2801,8992222054577
2802,8992222054584
2803,8992222054591
2804,8992222054942
2805,8992222054959
2806,8992222054997
2807,8992222055000
2808,8992222055017
2809,8992222055024
2810,8992222055031
2811,8992222055093
2812,8992222055222
2813,8992222060080
2814,8992222060103
2815,8992222060110
2816,8992222060127
2817,8992222060134
2818,8992222060332
2819,8992222060349
2820,8992222070751
2821,8992222070775
2822,8992222071109
2823,8992222071116
2824,8992222071123
2825,8992222071130
2826,8992222071147
2827,8992222071154
2828,8992222071444
2829,8992222071451
2830,8992222071871
2831,8992222072083
2832,8992222072106
2833,8992222072113
2834,8992222072120
2835,8992222072137
2836,8992222072151
2837,8992222072168
2838,8992222072397
2839,8992222072403
2840,8992222072410
2841,8992222072441
2842,8992222072458
2843,8992222072465
2844,8992222072496
2845,8992222072502
2846,8992222072519
2847,8992222072526
2848,8992222072533
2849,8992222072540
2850,8992222072557
2851,8992222072571
2852,8992222072595
2853,8992222072618
2854,8992222072625
2855,8992222072700
2856,8992222072724
2857,8992222072748
2858,8992222072830
2859,8992222072847
2860,8992222072854
2861,8992222072878
2862,8992222072885
2863,8992222072892
2864,8992222072922
2865,8992222072946
2866,8992222072953
2867,8992222072960
2868,8992222072977
2869,8992222072984
2870,8992222072991
2871,8992222073134
2872,8992222073141
2873,8992222073158
2874,8992222073240
2875,8992222073257
2876,8992222073264
2877,8992222073356
2878,8992222073363
2879,8992222090445
2880,8992222090452
2881,8992222090469
2882,8992222090476
2883,8992222090506
2884,8992222090841
2885,8992222090858
2886,8992222090865
2887,8992222091510
2888,8992222091527
2889,8992222091534
2890,8992222091541
2891,8992222091718
2892,8992222091732
2893,8992222091923
2894,8992222091930
2895,8992222091947
2896,8992222091954
2897,8992222091961
2898,8992222091978
2899,8992222092081
2900,8992222092098
2901,8992222092104
2902,8992222092111
2903,8992222092180
2904,8992222092197
2905,8992222092203
2906,8992222092241
2907,8992222092258
2908,8992222092289
2909,8992222092296
2910,8992222092302
2911,8992222092319
2912,8992222092579
2913,8992222092586
2914,8992222092609
2915,8992222092678
2916,8992222092685
2917,8992222092692
2918,8992222092708
2919,8992222092715
2920,8992222092753
2921,8992222092760
2922,8992222092777
2923,8992222092784
2924,8992222280679
2925,8992222281836
2926,8992222282673
2927,8992222282680
2928,8992222282697
2929,8992222282703
2930,8992222282758
2931,8992222282765
2932,8992222282802
2933,8992222282819
2934,8992222282826
2935,8992222282833
2936,8992222282840
2937,8992222282857
2938,8992222310017
2939,8992222310024
2940,8992222310031
2941,8992222310048
2942,8992304001192
2943,8992304006791
2944,8992304008986
2945,8992304009006
2946,8992304009082
2947,8992304009143
2948,8992304009167
2949,8992304009181
2950,8992304009204
2951,8992304009242
2952,8992304010125
2953,8992304010187
2954,8992304010200
2955,8992304010293
2956,8992304010316
2957,8992304013690
2958,8992304013737
2959,8992304013812
2960,8992304013836
2961,8992304014451
2962,8992304014932
2963,8992304015298
2964,8992304016967
2965,8992304019340
2966,8992304019388
2967,8992304019524
2968,8992304019562
2969,8992304020438
2970,8992304020759
2971,8992304020797
2972,8992304024740
2973,8992304024788
2974,8992304025877
2975,8992304025914
2976,8992304032431
2977,8992304032479
2978,8992304033926
2979,8992304036033
2980,8992304036101
2981,8992304036804
2982,8992304039607
2983,8992304039614
2984,8992304039812
2985,8992304039850
2986,8992304039898
2987,8992304042409
2988,8992304042416
2989,8992304042423
2990,8992304042522
2991,8992304042539
2992,8992304042546
2993,8992304043444
2994,8992304043451
2995,8992304043529
2996,8992304046940
2997,8992304047152
2998,8992304047169
2999,8992304047183
3000,8992304047190
3001,8992304047411
3002,8992304047428
3003,8992304047435
3004,8992304047442
3005,8992304048340
3006,8992304049743
3007,8992304052743
3008,8992304054433
3009,8992304056772
3010,8992304056789
3011,8992304073441
3012,8992304073458
3013,8992304078446
3014,8992304079146
3015,8992304082221
3016,8992304082238
3017,8992304094767
3018,8992388101016
3019,8992388101023
3020,8992388101054
3021,8992388101085
3022,8992388101092
3023,8992388101153
3024,8992388103010
3025,8992388103027
3026,8992388111138
3027,8992388111145
3028,8992388111206
3029,8992388111213
3030,8992388111237
3031,8992388112401
3032,8992388112654
3033,8992388112678
3034,8992388112708
3035,8992388112722
3036,8992388112869
3037,8992388112944
3038,8992388112951
3039,8992388121021
3040,8992388121038
3041,8992388121045
3042,8992388121090
3043,8992388121243
3044,8992388121250
3045,8992388121267
3046,8992388133017
3047,8992388133277
3048,8992388133284
3049,8992388133345
3050,8992628020152
3051,8992628022156
3052,89926550
3053,8992694020049
3054,8992694220234
3055,8992694222528
3056,8992694222603
3057,8992694222627
3058,8992694242502
3059,8992694242519
3060,8992694242908
3061,8992694242915
3062,8992694246340
3063,8992694247163
3064,8992694247170
3065,8992694260506
3066,8992694260605
3067,8992694260803
3068,8992694291401
3069,8992694291500
3070,8992694294327
3071,8992694294655
3072,8992694296208
3073,8992694296307
3074,8992694297601
3075,8992694297618
3076,8992694297625
3077,8992694297632
3078,8992695100207
3079,8992695114204
3080,8992695160201
3081,8992695203441
3082,8992695213440
3083,8992695705266
3084,8992695714060
3085,8992695714169
3086,8992695724069
3087,8992695725264
3088,8992696404007
3089,8992696404441
3090,8992696405417
3091,8992696409101
3092,8992696415324
3093,8992696415768
3094,8992696417342
3095,8992696418134
3096,8992696419988
3097,8992696420014
3098,8992696420557
3099,8992696421042
3100,8992696421677
3101,8992696422650
3102,8992696422674
3103,8992696423084
3104,8992696430204
3105,8992696430266
3106,8992702000018
3107,8992702000063
3108,8992702000179
3109,8992702005921
3110,8992702005945
3111,8992702005976
3112,8992702006003
3113,8992702020108
3114,8992702070011
3115,8992705012124
3116,8992705022123
3117,8992705032122
3118,8992705042121
3119,8992714041054
3120,8992714041061
3121,8992714042051
3122,8992714042068
3123,8992714043065
3124,8992714051046
3125,8992716108434
3126,8992716108458
3127,8992716108465
3128,8992716108724
3129,8992716108748
3130,8992716108762
3131,8992716108816
3132,8992716108854
3133,8992716108878
3134,8992716109172
3135,8992716109462
3136,8992716109486
3137,8992716109547
3138,8992716109554
3139,8992716109561
3140,8992716109646
3141,8992716109660
3142,8992716109813
3143,8992716109837
3144,8992716109875
3145,8992716109899
3146,8992716109912
3147,8992716109943
3148,8992717822209
3149,8992717900297
3150,8992725051219
3151,8992725910332
3152,8992725910400
3153,8992725910417
3154,8992725910424
3155,8992725910448
3156,8992725910455
3157,8992725910608
3158,8992725910615
3159,8992726938199
3160,8992726938298
3161,8992727000048
3162,8992727000055
3163,8992727000062
3164,8992727000314
3165,8992727000338
3166,8992727000352
3167,8992727000376
3168,8992727000383
3169,8992727000390
3170,8992727000420
3171,8992727000543
3172,8992727000611
3173,8992727000697
3174,8992727001076
3175,8992727001168
3176,8992727001250
3177,8992727001328
3178,8992727001342
3179,8992727001472
3180,8992727001489
3181,8992727001656
3182,8992727001670
3183,8992727002035
3184,8992727002066
3185,8992727002196
3186,8992727002202
3187,8992727002318
3188,8992727002332
3189,8992727002387
3190,8992727002462
3191,8992727002479
3192,8992727002509
3193,8992727002523
3194,8992727002561
3195,8992727002578
3196,8992727002585
3197,8992727002769
3198,8992727002783
3199,8992727002837
3200,8992727002844
3201,8992727002851
3202,8992727002981
3203,8992727002998
3204,8992727003001
3205,8992727003056
3206,8992727003063
3207,8992727003070
3208,8992727003087
3209,8992727003094
3210,8992727003353
3211,8992727003537
3212,8992727003797
3213,8992727003803
3214,8992727003810
3215,8992727003858
3216,8992727003872
3217,8992727003896
3218,8992727003919
3219,8992727004015
3220,8992727004053
3221,8992727004060
3222,8992727004084
3223,8992727004091
3224,8992727004114
3225,8992727004169
3226,8992727004183
3227,8992727004190
3228,8992727004206
3229,8992727004213
3230,8992727004220
3231,8992727004237
3232,8992727004251
3233,8992727004480
3234,8992727004534
3235,8992727004541
3236,8992727004558
3237,8992727004640
3238,8992727004862
3239,8992727004879
3240,8992727005005
3241,8992727005029
3242,8992727005098
3243,8992727005104
3244,8992727005111
3245,8992727005128
3246,8992727005135
3247,8992727005142
3248,8992727005159
3249,8992727005166
3250,8992727005272
3251,8992727005289
3252,8992727005296
3253,8992727005302
3254,8992727005340
3255,8992727005425
3256,8992727005746
3257,8992727005753
3258,8992727005760
3259,8992727005777
3260,8992727005784
3261,8992727005791
3262,8992727006057
3263,8992727006064
3264,8992727006163
3265,8992727006170
3266,8992729126494
3267,8992731101410
3268,8992731101557
3269,8992736116105
3270,8992736808123
3271,8992741890137
3272,8992741902250
3273,8992741902397
3274,8992741903134
3275,8992741940009
3276,8992741941006
3277,8992741945004
3278,8992741945240
3279,8992741955119
3280,8992741955140
3281,8992742360844
3282,8992742370683
3283,8992742375350
3284,8992742380972
3285,8992745120186
3286,8992745120223
3287,8992745120247
3288,8992745120407
3289,8992745120469
3290,8992745120636
3291,8992745120650
3292,8992745120858
3293,8992745120957
3294,8992745129400
3295,8992745130239
3296,8992745130246
3297,8992745130277
3298,8992745130291
3299,8992745140016
3300,8992745140559
3301,8992745140566
3302,8992745140573
3303,8992745140580
3304,8992745140689
3305,8992745140955
3306,8992745320050
3307,8992745320067
3308,8992745320074
3309,8992745320135
3310,8992745320166
3311,8992745320173
3312,8992745320180
3313,8992745320197
3314,8992745320241
3315,8992745320289
3316,8992745320296
3317,8992745320302
3318,8992745320319
3319,8992745320326
3320,8992745320333
3321,8992745320685
3322,8992745320739
3323,8992745320784
3324,8992745326687
3325,8992745326694
3326,8992745326755
3327,8992745326816
3328,8992745330103
3329,8992745330110
3330,8992745330127
3331,8992745330134
3332,8992745330332
3333,8992745330400
3334,8992745380191
3335,8992745380221
3336,8992745380238
3337,8992745380825
3338,8992745540298
3339,8992745540717
3340,8992745540786
3341,8992745550228
3342,8992745550242
3343,8992745550259
3344,8992745550266
3345,8992745550518
3346,8992745550525
3347,8992745550532
3348,8992745560210
3349,8992745560241
3350,8992745560258
3351,8992745999980
3352,8992745999997
3353,8992748195204
3354,8992750540405
3355,8992750540856
3356,8992750540900
3357,8992750540917
3358,8992752111016
3359,8992752111818
3360,8992752114109
3361,8992752116103
3362,8992752116233
3363,8992752117100
3364,8992752118107
3365,8992752119104
3366,8992752121497
3367,8992752121596
3368,8992753005994
3369,8992753012725
3370,8992753031894
3371,8992753100101
3372,8992753101207
3373,8992753102006
3374,8992753102204
3375,8992753172207
3376,8992753174201
3377,8992753182008
3378,8992753182206
3379,8992753184002
3380,8992753184200
3381,8992753336005
3382,8992753337002
3383,8992753372003
3384,8992753374007
3385,8992753631209
3386,8992759134117
3387,8992759134216
3388,8992759144093
3389,8992759214079
3390,8992759244021
3391,8992759313529
3392,8992759324105
3393,8992759515466
3394,8992759535457
3395,8992760121014
3396,8992760121083
3397,8992760121090
3398,8992760221028
3399,8992760221035
3400,8992760223015
3401,8992760223022
3402,8992761002015
3403,8992761002022
3404,8992761002039
3405,8992761002046
3406,8992761110017
3407,8992761110048
3408,8992761111519
3409,8992761111533
3410,8992761111540
3411,8992761111588
3412,8992761111595
3413,8992761111618
3414,8992761111632
3415,8992761111649
3416,8992761111656
3417,8992761122317
3418,8992761122324
3419,8992761122331
3420,8992761122348
3421,8992761122355
3422,8992761122379
3423,8992761122386
3424,8992761122430
3425,8992761122478
3426,8992761122485
3427,8992761122515
3428,8992761122522
3429,8992761123222
3430,8992761136161
3431,8992761136178
3432,8992761136185
3433,8992761136208
3434,8992761145019
3435,8992761145026
3436,8992761145033
3437,8992761145095
3438,8992761145101
3439,8992761147020
3440,8992761147037
3441,8992761147051
3442,8992761147068
3443,8992761147075
3444,8992761147082
3445,8992761151034
3446,8992761151041
3447,8992761151065
3448,8992761151072
3449,8992761164539
3450,8992761164546
3451,8992761164560
3452,8992761164577
3453,8992761166038
3454,8992761166052
3455,8992761166113
3456,8992761166144
3457,8992761166175
3458,8992761166182
3459,8992761166199
3460,8992761166205
3461,8992761166212
3462,8992761166229
3463,8992765101004
3464,8992765101011
3465,8992765301008
3466,8992771008014
3467,8992771008434
3468,8992771008441
3469,8992771008465
3470,8992771008564
3471,8992771008588
3472,8992771008939
3473,8992771008953
3474,8992771008977
3475,8992771008991
3476,8992771010017
3477,8992771010031
3478,8992771010093
3479,8992771010147
3480,8992772011013
3481,8992772027014
3482,8992772031011
3483,8992772035125
3484,8992772191098
3485,8992772192286
3486,8992772195010
3487,8992772195027
3488,8992772195058
3489,8992772195089
3490,8992772195096
3491,8992772198011
3492,8992772198028
3493,8992772198035
3494,8992772198042
3495,8992772198059
3496,8992772215015
3497,8992772215039
3498,8992772231015
3499,8992772265010
3500,8992772265027
3501,8992772311014
3502,8992772315111
3503,8992772315128
3504,8992772325127
3505,8992772401012
3506,8992772485012
3507,8992772485029
3508,8992772491013
3509,8992772501019
3510,8992772556019
3511,8992772585026
3512,8992772586016
3513,8992772586030
3514,8992772631013
3515,8992772635028
3516,8992775000007
3517,8992775110102
3518,8992775110119
3519,8992775110126
3520,8992775110140
3521,8992775110157
3522,8992775110164
3523,8992775110171
3524,8992775110225
3525,8992775111116
3526,8992775112120
3527,8992775112137
3528,8992775112144
3529,8992775112151
3530,8992775200339
3531,8992775201107
3532,8992775201404
3533,8992775201435
3534,8992775201473
3535,8992775201480
3536,8992775201497
3537,8992775201701
3538,8992775201718
3539,8992775202227
3540,8992775203408
3541,8992775203415
3542,8992775203422
3543,8992775204009
3544,8992775204023
3545,8992775204047
3546,8992775204054
3547,8992775204061
3548,8992775204085
3549,8992775210116
3550,8992775210215
3551,8992775210222
3552,8992775211410
3553,8992775211427
3554,8992775211434
3555,8992775211458
3556,8992775211465
3557,8992775211472
3558,8992775211700
3559,8992775212103
3560,8992775212110
3561,8992775212134
3562,8992775214008
3563,8992775217016
3564,8992775217030
3565,8992775301012
3566,8992775301302
3567,8992775301401
3568,8992775301432
3569,8992775302231
3570,8992775302408
3571,8992775305034
3572,8992775305102
3573,8992775305249
3574,8992775310007
3575,8992775310014
3576,8992775310198
3577,8992775310199
3578,8992775310205
3579,8992775311004
3580,8992775311059
3581,8992775311080
3582,8992775311103
3583,8992775311325
3584,8992775311400
3585,8992775311479
3586,8992775311509
3587,8992775311547
3588,8992775311608
3589,8992775311639
3590,8992775311714
3591,8992775311806
3592,8992775311905
3593,8992775311943
3594,8992775311967
3595,8992775311981
3596,8992775312216
3597,8992775312223
3598,8992775312254
3599,8992775312407
3600,8992775312452
3601,8992775312667
3602,8992775312803
3603,8992775312827
3604,8992775312834
3605,8992775312858
3606,8992775312889
3607,8992775313015
3608,8992775313121
3609,8992775313213
3610,8992775313305
3611,8992775315019
3612,8992775315033
3613,8992775315057
3614,8992775315095
3615,8992775315200
3616,8992775316108
3617,8992775316115
3618,8992775316146
3619,8992775316153
3620,8992775316191
3621,8992775316221
3622,8992775317136
3623,8992775317235
3624,8992775317280
3625,8992775317303
3626,8992775318010
3627,8992775318034
3628,8992775318089
3629,8992775318102
3630,8992775318201
3631,8992775406014
3632,8992775406038
3633,8992775406052
3634,8992775406069
3635,8992775406137
3636,8992775406281
3637,8992775407011
3638,8992775407028
3639,8992775407042
3640,8992775407134
3641,8992775407158
3642,8992775407172
3643,8992775407196
3644,8992775409008
3645,8992775409046
3646,8992775419007
3647,8992775510100
3648,8992775511138
3649,8992775511169
3650,8992775511206
3651,8992775511220
3652,8992775511237
3653,8992775511244
3654,8992775511251
3655,8992775511268
3656,8992775511275
3657,8992775511282
3658,8992775511299
3659,8992775511305
3660,8992775511312
3661,8992775511329
3662,8992775511602
3663,8992775511619
3664,8992775511701
3665,8992775517109
3666,8992775518304
3667,8992775610008
3668,8992775610343
3669,8992775613009
3670,8992775700044
3671,8992775700051
3672,8992775709047
3673,8992775712016
3674,8992775712139
3675,8992775712146
3676,8992775712207
3677,8992775712245
3678,8992775712269
3679,8992775712283
3680,8992775712306
3681,8992775712313
3682,8992775712320
3683,8992775712337
3684,8992775712344
3685,8992775712351
3686,8992775712443
3687,8992775712603
3688,8992775712627
3689,8992775712672
3690,8992775712696
3691,8992775712856
3692,8992775712870
3693,8992775712917
3694,8992775712931
3695,8992775712955
3696,8992775712979
3697,8992775712993
3698,8992775717004
3699,8992775717011
3700,8992775717028
3701,8992775717035
3702,8992775717042
3703,8992775717059
3704,8992775717103
3705,8992775717110
3706,8992775717127
3707,8992775717134
3708,8992775718001
3709,8992775718018
3710,8992775718209
3711,8992775718223
3712,8992775718247
3713,8992775913000
3714,8992779151903
3715,8992779154904
3716,8992779155901
3717,8992779159909
3718,8992779267000
3719,8992779269103
3720,8992780020199
3721,8992780020274
3722,8992780030365
3723,8992780030495
3724,8992780030563
3725,8992780030600
3726,8992780030686
3727,8992780203639
3728,8992780210590
3729,8992796011105
3730,8992796011112
3731,8992796011129
3732,8992796011136
3733,8992796011143
3734,8992796011150
3735,8992796011204
3736,8992796011303
3737,8992796011310
3738,8992796011334
3739,8992796011341
3740,8992796011358
3741,8992796011365
3742,8992796011402
3743,8992796011501
3744,8992796011600
3745,8992796011617
3746,8992796011624
3747,8992796011631
3748,8992796011655
3749,8992796011808
3750,8992796011815
3751,8992796011839
3752,8992796022026
3753,8992796022033
3754,8992796022040
3755,8992796022057
3756,8992796022101
3757,8992796022118
3758,8992796022125
3759,8992796022132
3760,8992796022156
3761,8992796022200
3762,8992796022347
3763,8992796022354
3764,8992796022903
3765,8992796022910
3766,8992796022927
3767,8992796022934
3768,8992796022965
3769,8992796022972
3770,8992796033046
3771,8992796033848
3772,8992796033893
3773,8992796033909
3774,8992796034241
3775,8992796034296
3776,8992796034302
3777,8992796034449
3778,8992796034494
3779,8992796034500
3780,8992796045049
3781,8992796045070
3782,8992796045094
3783,8992796045100
3784,8992796068017
3785,8992796068024
3786,8992796089524
3787,8992796089548
3788,8992796089555
3789,8992796089722
3790,8992796089739
3791,8992796089746
3792,8992796130448
3793,8992796130493
3794,8992796130509
3795,8992796133241
3796,8992796133296
3797,8992796133302
3798,8992796133449
3799,8992796133494
3800,8992796133500
3801,8992796211208
3802,8992796622103
3803,8992796622110
3804,8992796633413
3805,8992796633420
3806,8992796633437
3807,8992796633826
3808,8992796633833
3809,8992796633840
3810,8992799154014
3811,8992802064019
3812,8992802064026
3813,8992802084031
3814,8992802084048
3815,8992803658156
3816,8992803658187
3817,8992803658507
3818,8992803658712
3819,8992803659849
3820,8992812805398
3821,8992812805572
3822,8992821100118
3823,8992825115125
3824,8992828831527
3825,8992832150010
3826,8992832150034
3827,8992832150041
3828,8992832183162
3829,8992832191167
3830,8992832191174
3831,8992832191181
3832,8992832191198
3833,8992832601161
3834,8992832601185
3835,8992832601192
3836,8992832601208
3837,8992832601215
3838,8992832601222
3839,8992832601444
3840,8992832601451
3841,8992832601468
3842,8992832601475
3843,8992832601482
3844,8992832601499
3845,8992832601505
3846,8992832601512
3847,8992832601628
3848,8992832602137
3849,8992832602144
3850,8992832602168
3851,8992832602724
3852,8992832602731
3853,8992832602854
3854,8992832602861
3855,8992832602908
3856,8992832603066
3857,8992832603158
3858,8992832603165
3859,8992832603172
3860,8992832603189
3861,8992832603264
3862,8992832603271
3863,8992832603288
3864,8992832603295
3865,8992832603301
3866,8992832603448
3867,8992832603608
3868,8992832603615
3869,8992832603622
3870,8992832603639
3871,8992832603684
3872,8992832603691
3873,8992832603707
3874,8992832603899
3875,8992832603974
3876,8992832604001
3877,8992832604032
3878,8992832604063
3879,8992832604094
3880,8992832604124
3881,8992832604186
3882,8992832604193
3883,8992832604223
3884,8992832604230
3885,8992832604339
3886,8992832604360
3887,8992832604377
3888,8992839002671
3889,8992839004217
3890,8992839004224
3891,8992839007478
3892,8992839007577
3893,8992839300012
3894,8992839300029
3895,8992839300043
3896,8992839913021
3897,8992839990725
3898,8992843100158
3899,8992843120507
3900,8992856890817
3901,8992856890824
3902,8992856890831
3903,8992856890848
3904,8992856890855
3905,8992856891593
3906,8992856891609
3907,8992856891616
3908,8992856891623
3909,8992856891630
3910,8992856891647
3911,8992856891654
3912,8992856892095
3913,8992856892217
3914,8992856892262
3915,8992856892507
3916,8992856892514
3917,8992856892521
3918,8992856892538
3919,8992856892729
3920,8992856892743
3921,8992856893160
3922,8992856893177
3923,8992856893528
3924,8992856893535
3925,8992856893542
3926,8992856893672
3927,8992856893689
3928,8992856893696
3929,8992856893702
3930,8992856894716
3931,8992856894723
3932,8992856894730
3933,8992856895287
3934,8992856895393
3935,8992856895409
3936,8992856895836
3937,8992856895843
3938,8992856895850
3939,8992856895911
3940,8992856895928
3941,8992856895942
3942,8992856896017
3943,8992856896024
3944,8992856896031
3945,8992856896550
3946,8992856896567
3947,8992856896574
3948,8992858527308
3949,8992858527506
3950,8992858658200
3951,8992858664706
3952,8992858666106
3953,8992858687101
3954,8992858687309
3955,8992858687507
3956,8992858690200
3957,8992870311084
3958,8992873100500
3959,8992873130101
3960,8992873130255
3961,8992873130507
3962,8992873150109
3963,8992873150253
3964,8992873150505
3965,8992873170114
3966,8992873180113
3967,8992873190006
3968,8992895300018
3969,8992895300025
3970,8992902151008
3971,8992902151015
3972,8992902211269
3973,8992904132500
3974,8992904133309
3975,8992904170151
3976,8992904170175
3977,8992904170199
3978,8992904788356
3979,8992907110017
3980,8992907140014
3981,8992907141004
3982,8992907420017
3983,8992907440015
3984,8992907450014
3985,8992907710019
3986,8992907730017
3987,8992907740016
3988,8992907750015
3989,8992907952136
3990,8992907952143
3991,8992907952273
3992,8992907952327
3993,8992907952334
3994,8992907952358
3995,8992907952594
3996,8992907953140
3997,8992907953157
3998,8992907953164
3999,8992907953171
4000,8992907953263
4001,8992911010488
4002,8992911051337
4003,8992911120590
4004,8992911120606
4005,8992911120613
4006,8992911120620
4007,8992911860045
4008,8992911860120
4009,8992911880357
4010,8992911881002
4011,8992911881316
4012,8992911881507
4013,8992911888025
4014,8992915585050
4015,8992915600036
4016,8992919856019
4017,8992919856026
4018,8992919856033
4019,8992919856040
4020,8992928060148
4021,8992928121405
4022,8992928200803
4023,8992931002050
4024,8992931004078
4025,8992931004085
4026,8992931005020
4027,8992931005037
4028,8992931005068
4029,8992931005082
4030,8992931005099
4031,8992931005112
4032,8992931005129
4033,8992931005174
4034,8992931006072
4035,8992931006157
4036,8992931006188
4037,8992931006256
4038,8992931009547
4039,8992931016064
4040,8992931025035
4041,8992931025073
4042,8992931025110
4043,8992931025202
4044,8992931026056
4045,8992931029521
4046,8992933401110
4047,8992933402117
4048,8992933403114
4049,8992933451115
4050,8992933452112
4051,8992933453119
4052,8992933454116
4053,8992942017142
4054,8992942017166
4055,8992942017289
4056,8992942017302
4057,8992942017326
4058,8992946511790
4059,8992946512223
4060,8992946512285
4061,8992946513275
4062,8992946513282
4063,8992946513299
4064,8992946513350
4065,8992946514180
4066,8992946514197
4067,8992946514203
4068,8992946514296
4069,8992946514302
4070,8992946519338
4071,8992946519345
4072,8992946519352
4073,8992946519383
4074,8992946519390
4075,8992946521409
4076,8992946521416
4077,8992946521812
4078,8992946521829
4079,8992946521836
4080,8992946522222
4081,8992946522239
4082,8992946522253
4083,8992946522260
4084,8992946522277
4085,8992946522284
4086,8992946522291
4087,8992946522369
4088,8992946522376
4089,8992946522529
4090,8992946522536
4091,8992946522543
4092,8992946522642
4093,8992946522659
4094,8992946526817
4095,8992946526824
4096,8992952126384
4097,8992952132507
4098,8992952924461
4099,8992952925192
4100,8992952925314
4101,8992952925390
4102,8992952925581
4103,8992952950415
4104,8992952950712
4105,8992952951054
4106,8992952951092
4107,8992952953645
4108,8992955102705
4109,8992957210019
4110,8992957214307
4111,8992957214314
4112,8992957220025
4113,8992957220063
4114,8992957220070
4115,8992957220087
4116,8992957220100
4117,8992957220117
4118,8992957220186
4119,8992957220209
4120,8992957221367
4121,8992957225174
4122,8992957227178
4123,8992957241266
4124,8992957246247
4125,8992957246285
4126,8992957246346
4127,8992957246445
4128,8992957246544
4129,8992957251487
4130,8992957251562
4131,8992957251579
4132,8992957251593
4133,8992957251647
4134,8992957251685
4135,8992957251692
4136,8992957290004
4137,8992957351019
4138,8992957351026
4139,8992957351033
4140,8992957351040
4141,8992957351057
4142,8992957351064
4143,8992957352047
4144,8992957352153
4145,8992957354201
4146,8992957361032
4147,8992957361049
4148,8992957361056
4149,8992957361124
4150,8992957361148
4151,8992957361193
4152,8992979120013
4153,8992979130012
4154,8992979190870
4155,8992979190887
4156,8992979190962
4157,8992979190986
4158,8992979191051
4159,8992979651128
4160,8992982101504
4161,8992982103508
4162,8992982106004
4163,8992982602506
4164,8992982702503
4165,8993004785153
4166,8993004785160
4167,8993004785252
4168,8993004785269
4169,8993004785306
4170,8993005112019
4171,8993005116017
4172,8993005116024
4173,8993005116031
4174,8993005123015
4175,8993005123022
4176,8993005124012
4177,8993005124029
4178,8993005202024
4179,8993005202031
4180,8993007000062
4181,8993007000109
4182,8993007000215
4183,8993007000239
4184,8993007000253
4185,8993007001359
4186,8993007001465
4187,8993007001557
4188,8993007002936
4189,8993007005975
4190,8993008125047
4191,8993008235043
4192,8993014730112
4193,8993020168107
4194,8993020200012
4195,8993020200036
4196,8993020200074
4197,8993020200098
4198,8993020387300
4199,8993020612556
4200,8993020765788
4201,8993020880801
4202,8993020880979
4203,8993020990319
4204,8993020990326
4205,8993020990814
4206,8993020990821
4207,8993027111601
4208,8993027163754
4209,8993044050266
4210,8993044050273
4211,8993044050280
4212,8993044050297
4213,8993044050303
4214,8993044050488
4215,8993044050556
4216,8993044752016
4217,8993044752061
4218,8993044801103
4219,8993044801110
4220,8993044801127
4221,8993044801165
4222,8993044801257
4223,8993044801271
4224,8993044801288
4225,8993044801295
4226,8993044801394
4227,8993044801417
4228,8993044801431
4229,8993044801509
4230,8993044801530
4231,8993044801547
4232,8993044801561
4233,8993044801578
4234,8993053111842
4235,8993053121018
4236,8993053121032
4237,8993053121179
4238,8993053131017
4239,8993053131093
4240,8993053131130
4241,8993053131154
4242,8993053141092
4243,8993053141597
4244,8993053141658
4245,8993053211368
4246,8993053641011
4247,8993053651010
4248,8993053651027
4249,8993058000684
4250,8993058000929
4251,8993058102302
4252,8993058102401
4253,8993058103200
4254,8993058103408
4255,8993058103507
4256,8993058104306
4257,8993058104603
4258,8993058105303
4259,8993058300401
4260,8993058300500
4261,8993058300807
4262,8993058301200
4263,8993058302900
4264,8993058303105
4265,8993058303303
4266,8993058304201
4267,8993058304416
4268,8993060100235
4269,8993068118904
4270,8993068118911
4271,8993068118928
4272,8993068118935
4273,8993068118942
4274,8993068118959
4275,8993068118966
4276,8993068118973
4277,8993068334090
4278,8993083923811
4279,8993083924382
4280,8993083924450
4281,8993083924696
4282,8993083924832
4283,8993083924900
4284,8993083924924
4285,8993083925204
4286,8993083925464
4287,8993083926270
4288,8993083927833
4289,8993083928298
4290,8993083928427
4291,8993083931649
4292,8993083931724
4293,8993083931731
4294,8993083931786
4295,8993113011051
4296,8993113032056
4297,8993113044059
4298,8993137571463
4299,8993137572163
4300,8993137572170
4301,8993137572187
4302,8993137572194
4303,8993137572231
4304,8993137572507
4305,8993137574525
4306,8993137574617
4307,8993137574631
4308,8993137576000
4309,8993137576017
4310,8993137576031
4311,8993137678346
4312,8993137678360
4313,8993137678377
4314,8993137678384
4315,8993137678391
4316,8993137678735
4317,8993137678742
4318,8993137678759
4319,8993137679190
4320,8993137680240
4321,8993137680257
4322,8993137680264
4323,8993137680318
4324,8993137680332
4325,8993137680394
4326,8993137680400
4327,8993137685610
4328,8993137685719
4329,8993137685726
4330,8993137688604
4331,8993137688628
4332,8993137688642
4333,8993137688666
4334,8993137690867
4335,8993137695138
4336,8993137695152
4337,8993154789124
4338,8993154789841
4339,8993163502103
4340,8993172890109
4341,8993172890116
4342,8993172890123
4343,8993172960499
4344,8993172960963
4345,8993172995477
4346,8993172995538
4347,8993172997105
4348,8993175531696
4349,8993175531702
4350,8993175531719
4351,8993175531863
4352,8993175532297
4353,8993175532419
4354,8993175532457
4355,8993175532464
4356,8993175532860
4357,8993175532891
4358,8993175533140
4359,8993175533232
4360,8993175533461
4361,8993175533492
4362,8993175533522
4363,8993175533553
4364,8993175533584
4365,8993175533614
4366,8993175533645
4367,8993175533690
4368,8993175533799
4369,8993175533836
4370,8993175534000
4371,8993175534031
4372,8993175534123
4373,8993175534253
4374,8993175534307
4375,8993175534512
4376,8993175534710
4377,8993175534772
4378,8993175534932
4379,8993175534956
4380,8993175535199
4381,8993175535618
4382,8993175535700
4383,8993175535762
4384,8993175535854
4385,8993175535878
4386,8993175535885
4387,8993175536059
4388,8993175536707
4389,8993175536813
4390,8993175536905
4391,8993175536912
4392,8993175537285
4393,8993175537346
4394,8993175537872
4395,8993175537919
4396,8993175538107
4397,8993175538282
4398,8993175538527
4399,8993175538541
4400,8993175538633
4401,8993175538848
4402,8993175538886
4403,8993175538947
4404,8993175539197
4405,8993175539210
4406,8993175539517
4407,8993175540049
4408,8993175541473
4409,8993175541640
4410,8993175542241
4411,8993176110067
4412,8993176110081
4413,8993176110098
4414,8993176110104
4415,8993176110111
4416,8993176110135
4417,8993176110142
4418,8993176111255
4419,8993176111286
4420,8993176120028
4421,8993176120035
4422,8993176130591
4423,8993176130706
4424,8993176130720
4425,8993176130744
4426,8993176131208
4427,8993176720525
4428,8993176720907
4429,8993176722222
4430,8993176803099
4431,8993176803181
4432,8993176803198
4433,8993176803204
4434,8993176812022
4435,8993176812039
4436,8993180272379
4437,8993189230059
4438,8993189230103
4439,8993189241208
4440,8993189242205
4441,8993189243103
4442,8993189244100
4443,8993189270024
4444,8993189270048
4445,8993189270055
4446,8993189270086
4447,8993189270260
4448,8993189270277
4449,8993189270284
4450,8993189270291
4451,8993189270307
4452,8993189270314
4453,8993189270321
4454,8993189270338
4455,8993189270345
4456,8993189270352
4457,8993189270376
4458,8993189270383
4459,8993189270420
4460,8993189270451
4461,8993189270468
4462,8993189270475
4463,8993189270482
4464,8993189270536
4465,8993189270550
4466,8993189270604
4467,8993189270611
4468,8993189270635
4469,8993189270673
4470,8993189270680
4471,8993189270710
4472,8993189270727
4473,8993189270758
4474,8993189270765
4475,8993189270796
4476,8993189270802
4477,8993189270819
4478,8993189270826
4479,8993189270833
4480,8993189270840
4481,8993189270857
4482,8993189270871
4483,8993189271441
4484,8993189271748
4485,8993189271762
4486,8993189271908
4487,8993189271939
4488,8993189272066
4489,8993189272073
4490,8993189272103
4491,8993189272110
4492,8993189272264
4493,8993189272356
4494,8993189272370
4495,8993189272387
4496,8993189272400
4497,8993189272424
4498,8993189272929
4499,8993189320279
4500,8993189320286
4501,8993189320347
4502,8993189320422
4503,8993189320439
4504,8993189320699
4505,8993189320705
4506,8993189320712
4507,8993189321412
4508,8993189321429
4509,8993189321436
4510,8993189321443
4511,8993189321641
4512,8993189321658
4513,8993189321832
4514,8993189321849
4515,8993189322037
4516,8993212100069
4517,8993212100212
4518,8993218330019
4519,8993218466619
4520,8993218466640
4521,8993228112209
4522,8993228321113
4523,8993228390300
4524,8993268342024
4525,8993282659047
4526,8993303420083
4527,8993303420120
4528,8993308714354
4529,8993322101550
4530,8993335315104
4531,8993335315135
4532,8993335315180
4533,8993335315210
4534,8993335514149
4535,8993335514293
4536,8993335514309
4537,8993335514996
4538,8993335515504
4539,8993335515689
4540,8993335516471
4541,8993335516518
4542,8993335516839
4543,8993335521604
4544,8993335523523
4545,899333555504
4546,8993338005033
4547,8993351132709
4548,8993351133706
4549,8993351136707
4550,8993351158402
4551,8993365120020
4552,8993365130029
4553,8993374322781
4554,8993374322798
4555,8993379108014
4556,8993379108021
4557,8993379108045
4558,8993379121204
4559,8993379121211
4560,8993379121235
4561,8993379200855
4562,8993379200862
4563,8993379200879
4564,8993379200886
4565,8993379210854
4566,8993379241858
4567,8993379254469
4568,8993379255565
4569,8993379256043
4570,8993379260026
4571,8993379260095
4572,8993379260767
4573,8993379260798
4574,8993379260804
4575,8993379260828
4576,8993379260835
4577,8993379260842
4578,8993379261627
4579,8993379261634
4580,8993379261641
4581,8993379261658
4582,8993379261856
4583,8993379261863
4584,8993379261870
4585,8993417001260
4586,8993417001277
4587,8993417010033
4588,8993417112133
4589,8993417112171
4590,8993417112232
4591,8993417112270
4592,8993417115219
4593,8993417115226
4594,8993417115233
4595,8993417115240
4596,8993417115257
4597,8993417117213
4598,8993417117220
4599,8993417117237
4600,8993417117244
4601,8993417142123
4602,8993417142147
4603,8993417142161
4604,8993417142178
4605,8993417142185
4606,8993417142192
4607,8993417142222
4608,8993417142246
4609,8993417142260
4610,8993417142277
4611,8993417142284
4612,8993417142291
4613,8993417144110
4614,8993417145117
4615,8993417145131
4616,8993417145148
4617,8993417145155
4618,8993417145162
4619,8993417145216
4620,8993417145223
4621,8993417145230
4622,8993417145247
4623,8993417145254
4624,8993417145261
4625,8993417151125
4626,8993417162015
4627,8993417162039
4628,8993417162114
4629,8993417162121
4630,8993417162138
4631,8993417162145
4632,8993417165016
4633,8993417169014
4634,8993417169120
4635,8993417170010
4636,8993417170027
4637,8993417170034
4638,8993417170041
4639,8993417170119
4640,8993417170126
4641,8993417170133
4642,8993417170140
4643,8993417172212
4644,8993417172229
4645,8993417172236
4646,8993417172243
4647,8993417175459
4648,8993417175466
4649,8993417200014
4650,8993417200021
4651,8993417200038
4652,8993417200045
4653,8993417200052
4654,8993417200069
4655,8993417200076
4656,8993417200083
4657,8993417212116
4658,8993417212123
4659,8993417212130
4660,8993417212147
4661,8993417212154
4662,8993417212161
4663,8993417212178
4664,8993417212215
4665,8993417212222
4666,8993417212239
4667,8993417212246
4668,8993417212253
4669,8993417212260
4670,8993417212277
4671,8993417214110
4672,8993417214127
4673,8993417214134
4674,8993417214141
4675,8993417214226
4676,8993417215117
4677,8993417215124
4678,8993417215131
4679,8993417215148
4680,8993417215230
4681,8993417282256
4682,8993417282263
4683,8993417312212
4684,8993417312229
4685,8993417312236
4686,8993417315114
4687,8993417315121
4688,8993417364914
4689,8993417364921
4690,8993417364938
4691,8993417364945
4692,8993417364952
4693,8993417372216
4694,8993417372223
4695,8993417372230
4696,8993417390012
4697,8993417390029
4698,8993417390036
4699,8993417390111
4700,8993417390128
4701,8993417390135
4702,8993417402210
4703,8993417402227
4704,8993417402234
4705,8993417402241
4706,8993417412110
4707,8993417412127
4708,8993417412134
4709,8993417412141
4710,8993417412158
4711,8993417412165
4712,8993417412172
4713,8993417412219
4714,8993417412226
4715,8993417412233
4716,8993417412240
4717,8993417412257
4718,8993417412271
4719,8993417425110
4720,8993417425127
4721,8993417425134
4722,8993417485619
4723,8993417489914
4724,8993417489921
4725,8993417489938
4726,8993417489945
4727,8993417489952
4728,8993417489969
4729,8993417489976
4730,8993417500114
4731,8993417505119
4732,8993417507212
4733,8993417507229
4734,8993468211441
4735,8993468211823
4736,8993498210018
4737,8993498210230
4738,8993498210285
4739,8993500019158
4740,8993500019837
4741,8993500019851
4742,8993500019868
4743,8993500120120
4744,899350026004
4745,8993515100537
4746,8993560022006
4747,8993560022020
4748,8993560022044
4749,8993560022655
4750,8993560022662
4751,8993560022679
4752,8993560022686
4753,8993560024116
4754,8993560024253
4755,8993560024635
4756,8993560024642
4757,8993560024826
4758,8993560024840
4759,8993560024895
4760,8993560024987
4761,8993560024994
4762,8993560025007
4763,8993560025014
4764,8993560025021
4765,8993560025038
4766,8993560025069
4767,8993560025083
4768,8993560025090
4769,8993560025106
4770,8993560025113
4771,8993560025236
4772,8993560025243
4773,8993560025342
4774,8993560026004
4775,8993560026011
4776,8993560026028
4777,8993560026066
4778,8993560026103
4779,8993560026400
4780,8993560026417
4781,8993560026424
4782,8993560026639
4783,8993560026646
4784,8993560026714
4785,8993560026776
4786,8993560026790
4787,8993560026820
4788,8993560027247
4789,8993560027278
4790,8993560027292
4791,8993560027414
4792,8993560027490
4793,8993560027506
4794,8993560033002
4795,8993560033040
4796,8993560033286
4797,8993560033293
4798,8993560033422
4799,8993560033439
4800,8993560033446
4801,8993560033477
4802,8993560155001
4803,8993560155025
4804,8993988040361
4805,8993988040422
4806,8993988045038
4807,8993988045328
4808,8993988050001
4809,8993988050339
4810,8993988050414
4811,8993988052593
4812,8993988052647
4813,8993988055068
4814,8993988055075
4815,8993988055174
4816,8993988055228
4817,8993988055266
4818,8993988055495
4819,8993988060024
4820,8993988060086
4821,8993988065029
4822,8993988065050
4823,8993988065074
4824,8993988065098
4825,8993988065241
4826,8993988090021
4827,8993988090069
4828,8993988090106
4829,8993988111009
4830,8993988111115
4831,8993988130031
4832,8993988130048
4833,8993988130055
4834,8993988130062
4835,8993988130079
4836,8993988220053
4837,8993988220060
4838,8993988220077
4839,8993988220084
4840,8993988273509
4841,8993988273523
4842,8993988280606
4843,8993988280705
4844,8993988280781
4845,8993988280835
4846,8993988280910
4847,8993988281023
4848,8993988281221
4849,8993988281276
4850,8993988281429
4851,8993988281498
4852,8993988281580
4853,8993988281702
4854,8993988282006
4855,8993988282044
4856,8993988282099
4857,8993988282556
4858,8993988282792
4859,8993988282877
4860,8993988286080
4861,8993988286172
4862,8993988286189
4863,8993988300083
4864,8993988300144
4865,8993988300274
4866,8993988300441
4867,8993988305026
4868,8993988305125
4869,8993988305163
4870,8993988310037
4871,8993988310068
4872,8993988345008
4873,8993988345015
4874,8993988345039
4875,8993988345169
4876,8993988345176
4877,8993988345183
4878,8993988350002
4879,8993988350026
4880,8993988350064
4881,8993988350125
4882,8993988350309
4883,8993988355007
4884,8993988355021
4885,8993988355045
4886,8993988355052
4887,8993988382003
4888,8993988690047
4889,8993988690054
4890,8993989311279
4891,8993989311699
4892,8993989511679
4893,8993996221608
4894,8994037700854
4895,8994037700861
4896,8994037701035
4897,8994037701103
4898,8994037701110
4899,8994037701127
4900,8994037701134
4901,8994037701660
4902,8994037703541
4903,8994037703749
4904,8994037800073
4905,8994037800103
4906,8994037800202
4907,8994037800233
4908,8994037800240
4909,8994037800653
4910,8994037800660
4911,8994037800677
4912,8994037800684
4913,8994037800691
4914,8994037800721
4915,8994037802428
4916,8994037802596
4917,8994037802602
4918,8994037802664
4919,8994075230399
4920,8994075230412
4921,8994075230436
4922,8994075230849
4923,8994075230863
4924,8994075230870
4925,8994078021369
4926,8994078021376
4927,8994170101525
4928,8994170102577
4929,8994171101074
4930,8994171101081
4931,8994171101128
4932,8994171101289
4933,8994171101777
4934,8994214110124
4935,8994214546398
4936,8994222000097
4937,8994222112165
4938,8994222112325
4939,8994238001620
4940,8994259215051
4941,8994280120096
4942,8994292080029
4943,8994292112874
4944,8994311101186
4945,8994311101285
4946,8994311101582
4947,8994311103135
4948,8994311118108
4949,8994354100399
4950,8994391011986
4951,8994465000021
4952,8994465000038
4953,8994465000052
4954,8994465000069
4955,8994465000106
4956,8994472000014
4957,8994472000021
4958,8994472000038
4959,8994472000045
4960,8994494101249
4961,8994494101263
4962,8994504102112
4963,8994504102129
4964,8994504102136
4965,8994504102310
4966,8994504102327
4967,8994504102334
4968,8994504109319
4969,8994504109326
4970,8994504110414
4971,8994504110421
4972,8994504117154
4973,8994504118151
4974,8994504120031
4975,8994504120062
4976,8994504121311
4977,8994504121328
4978,8994504122134
4979,8994504122332
4980,8994504127894
4981,8994532001029
4982,8994532001043
4983,8994532001104
4984,8994532001128
4985,8994532001142
4986,8994532001166
4987,8994532001517
4988,8994532001548
4989,8994532001579
4990,8994532001609
4991,8994573000807
4992,8994591010017
4993,8994729100115
4994,8994729100214
4995,8994729400079
4996,8994742001093
4997,8994742001994
4998,8994755010044
4999,8994755010082
5000,8994755010099
5001,8994755010105
5002,8994755010129
5003,8994755010136
5004,8994755010150
5005,8994755010167
5006,8994755010228
5007,8994755010266
5008,8994755010303
5009,8994755010310
5010,8994755010457
5011,8994755010464
5012,8994755010471
5013,8994755010495
5014,8994755020036
5015,8994755020043
5016,8994755020098
5017,8994755020104
5018,8994755020111
5019,8994755020142
5020,8994755020159
5021,8994755020265
5022,8994755030035
5023,8994755030059
5024,8994755030103
5025,8994755030141
5026,8994755030240
5027,8994755030264
5028,8994755030271
5029,8994755030301
5030,8994755030325
5031,8994755030349
5032,8994755030431
5033,8994755030479
5034,8994755030486
5035,8994755030516
5036,8994755090060
5037,8994761030210
5038,8994790501101
5039,8994790511100
5040,8994790521109
5041,8994796151218
5042,8994796151294
5043,8994913000290
5044,8994947000013
5045,8994947000075
5046,8995026304503
5047,8995026801019
5048,8995026801026
5049,8995026801033
5050,8995026801149
5051,8995026801156
5052,8995026801163
5053,8995026801224
5054,8995026801231
5055,8995026801248
5056,8995026801439
5057,8995026806137
5058,8995026806151
5059,8995026806175
5060,8995026806199
5061,8995026806281
5062,8995026806298
5063,8995026806304
5064,8995026900804
5065,8995026900903
5066,8995026901610
5067,8995026901702
5068,8995026902761
5069,8995026904017
5070,8995026904024
5071,8995026904802
5072,8995026904819
5073,8995026905014
5074,8995026905106
5075,8995077600135
5076,8995077600142
5077,8995077600166
5078,8995077600197
5079,8995077600227
5080,8995077600234
5081,8995077600258
5082,8995077600296
5083,8995077600418
5084,8995077600425
5085,8995077600463
5086,8995077600555
5087,8995077600562
5088,8995077600579
5089,8995077600807
5090,8995077600814
5091,8995077600890
5092,8995077600906
5093,8995077601002
5094,8995077601057
5095,8995077601293
5096,8995077601330
5097,8995077601361
5098,8995077601422
5099,8995077601439
5100,8995077601514
5101,8995077601750
5102,8995077601767
5103,8995077601897
5104,8995077601972
5105,8995077602054
5106,8995077602085
5107,8995077602177
5108,8995077602214
5109,8995077602221
5110,8995077602399
5111,8995077602405
5112,8995077602412
5113,8995077602498
5114,8995077602504
5115,8995077602528
5116,8995077602641
5117,8995077602658
5118,8995077602788
5119,8995077602849
5120,8995077602856
5121,8995077602863
5122,8995077602870
5123,8995077602955
5124,8995077602979
5125,8995077603020
5126,8995077603075
5127,8995077603099
5128,8995077603143
5129,8995077603303
5130,8995077603310
5131,8995077603433
5132,8995077603471
5133,8995077603808
5134,8995077603815
5135,8995077603822
5136,8995077603839
5137,8995077604126
5138,8995077604393
5139,8995077604409
5140,8995077604416
5141,8995077604485
5142,8995077604492
5143,8995077604508
5144,8995077604515
5145,8995077604638
5146,8995077604645
5147,8995077604652
5148,8995077604669
5149,8995077604683
5150,8995077604706
5151,8995077609121
5152,8995077609985
5153,8995077609992
5154,8995078801197
5155,8995102800448
5156,8995126009001
5157,8995151110109
5158,8995151110116
5159,8995151110154
5160,8995151110192
5161,8995151110420
5162,8995151110437
5163,8995151110444
5164,8995151110666
5165,8995151120276
5166,8995151121419
5167,8995151130046
5168,8995151130060
5169,8995151130510
5170,8995151130527
5171,8995151130534
5172,8995151140687
5173,8995151140694
5174,8995151140700
5175,8995151140816
5176,8995151140892
5177,8995151158088
5178,8995151158095
5179,8995151160944
5180,8995151160975
5181,8995151170042
5182,8995151210021
5183,8995151210106
5184,8995151210113
5185,8995151220266
5186,8995151220273
5187,8995151220792
5188,8995151220808
5189,8995151220815
5190,8995151220822
5191,8995151220839
5192,8995151220846
5193,8995151220853
5194,8995151220860
5195,8995151220877
5196,8995151220884
5197,8995151220907
5198,8995151221010
5199,8995151221034
5200,8995151221102
5201,8995151221140
5202,8995151221225
5203,8995151221232
5204,8995151221249
5205,8995151221256
5206,8995151221263
5207,8995151221270
5208,8995151221287
5209,8995151221294
5210,8995151221300
5211,8995151221317
5212,8995151221324
5213,8995151221331
5214,8995151221348
5215,8995151221355
5216,8995151240103
5217,8995151240127
5218,8995151240134
5219,8995151240165
5220,8995151240172
5221,8995151240189
5222,8995151240356
5223,8995151240363
5224,8995151240424
5225,8995151240431
5226,8995151820022
5227,8995151820039
5228,8995151820084
5229,8995151820091
5230,8995151820107
5231,8995151820114
5232,8995151820121
5233,8995151820152
5234,8995151820169
5235,8995151820176
5236,8995151820183
5237,8995151820190
5238,8995151820206
5239,8995151820213
5240,8995151820220
5241,8995151820237
5242,8995151820244
5243,8995178900349
5244,8995178900394
5245,8995178900547
5246,8995178900554
5247,8995178900752
5248,8995179500029
5249,8995179500388
5250,8995181600021
5251,8995181600137
5252,8995181600199
5253,8995181600243
5254,8995181600250
5255,8995181600502
5256,8995181601608
5257,8995181601622
5258,8995181601721
5259,8995181601783
5260,8995181601820
5261,8995181601981
5262,8995181602001
5263,8995181602025
5264,8995181602049
5265,8995201800042
5266,8995201800059
5267,8995201800196
5268,8995227500032
5269,8995227500124
5270,8995227500230
5271,8995227500247
5272,8995227500254
5273,8995227500261
5274,8995227500278
5275,8995227500285
5276,8995227500292
5277,8995227500308
5278,8995227500360
5279,8995227500377
5280,8995227500483
5281,8995227500582
5282,8995227500995
5283,8995227501008
5284,8995227501015
5285,8995227501022
5286,8995227501039
5287,8995227501046
5288,8995227501923
5289,8995227502029
5290,8995227502036
5291,8995227502043
5292,8995227502074
5293,8995227502081
5294,8995227502098
5295,8995227502197
5296,8995227502203
5297,8995227502210
5298,8995230704106
5299,8995233207819
5300,8995233207949
5301,8995233208014
5302,8995757009609
5303,8995757203557
5304,8995757205308
5305,8995757218308
5306,8995757223203
5307,8995757234094
5308,8995757244307
5309,8995757501004
5310,8995858111010
5311,8995858190817
5312,8995858192620
5313,8995858311212
5314,8995858888882
5315,8995858899888
5316,8995858988896
5317,8995858999991
5318,8995962441225
5319,8996001300053
5320,8996001301111
5321,8996001301142
5322,8996001301289
5323,8996001301661
5324,8996001301685
5325,8996001301715
5326,8996001302026
5327,8996001302033
5328,8996001302088
5329,8996001302248
5330,8996001302255
5331,8996001302316
5332,8996001302323
5333,8996001302347
5334,8996001302354
5335,8996001302392
5336,8996001302491
5337,8996001302507
5338,8996001302521
5339,8996001302538
5340,8996001302620
5341,8996001302637
5342,8996001302682
5343,8996001302699
5344,8996001304013
5345,8996001304020
5346,8996001304037
5347,8996001304044
5348,8996001304051
5349,8996001304426
5350,8996001304433
5351,8996001304549
5352,8996001304921
5353,8996001304983
5354,8996001304990
5355,8996001305003
5356,8996001305041
5357,8996001305119
5358,8996001308059
5359,8996001318003
5360,8996001318430
5361,8996001318454
5362,8996001318478
5363,8996001318492
5364,8996001320051
5365,8996001320136
5366,8996001321027
5367,8996001321041
5368,8996001326220
5369,8996001326275
5370,8996001326404
5371,8996001326428
5372,8996001326435
5373,8996001338056
5374,8996001350416
5375,8996001350515
5376,8996001350522
5377,8996001350539
5378,8996001355046
5379,8996001355107
5380,8996001355176
5381,8996001355756
5382,8996001355824
5383,8996001355855
5384,8996001356036
5385,8996001356357
5386,8996001401033
5387,8996001402023
5388,8996001410028
5389,8996001410042
5390,8996001410547
5391,8996001410608
5392,8996001410950
5393,8996001414002
5394,8996001431030
5395,8996001440001
5396,8996001440049
5397,8996001440087
5398,8996001440124
5399,8996001440353
5400,8996001440520
5401,8996001440582
5402,8996001440629
5403,8996001520116
5404,8996001520130
5405,8996001520154
5406,8996001520178
5407,8996001520291
5408,8996001524008
5409,8996001524015
5410,8996001524022
5411,8996001524039
5412,8996001524046
5413,8996001524053
5414,8996001524060
5415,8996001524091
5416,8996001600009
5417,8996001600030
5418,8996001600047
5419,8996001600061
5420,8996001600078
5421,8996001600085
5422,8996001600122
5423,8996001600146
5424,8996001600153
5425,8996001600191
5426,8996001600207
5427,8996001600221
5428,8996001600245
5429,8996001600269
5430,8996001600306
5431,8996001600313
5432,8996001600382
5433,8996001902023
5434,8996006120014
5435,8996006142511
5436,8996006320117
5437,8996006742025
5438,8996006742032
5439,8996006841018
5440,8996006853127
5441,8996006853387
5442,8996006853394
5443,8996006853400
5444,8996006853417
5445,8996006853431
5446,8996006853462
5447,8996006855145
5448,8996006855541
5449,8996006855879
5450,8996006855886
5451,8996006856128
5452,8996006856142
5453,8996006856203
5454,8996006856715
5455,8996006856869
5456,8996006856876
5457,8996006856906
5458,8996006857255
5459,8996006857705
5460,8996006857712
5461,8996006857729
5462,8996006857736
5463,8996006857873
5464,8996006858016
5465,8996006858092
5466,8996006858214
5467,8996006858276
5468,8996008714358
5469,8996129800435
5470,8996129800466
5471,8996129800480
5472,8996129803504
5473,8996129803870
5474,8996196000059
5475,8996196000202
5476,8996196000356
5477,8996196000806
5478,8996196000950
5479,8996196002206
5480,8996196002954
5481,8996196065003
5482,8996196065102
5483,8996196065300
5484,8996196065409
5485,8996196066406
5486,8996196066451
5487,8996196076504
5488,8996196461300
5489,8996196461409
5490,8996196461508
5491,8996200900016
5492,8996200900023
5493,8996200900047
5494,8997001352462
5495,8997001352479
5496,8997001352493
5497,8997001352509
5498,8997001352516
5499,8997001352523
5500,8997001352844
5501,8997001352851
5502,8997001352868
5503,8997001352882
5504,8997001352899
5505,8997001353339
5506,8997001353346
5507,8997001353377
5508,8997001353384
5509,8997001353575
5510,8997001353582
5511,8997001353599
5512,8997001353605
5513,8997001353612
5514,8997001353629
5515,8997002860539
5516,8997002860560
5517,8997002860904
5518,8997002860928
5519,8997002900013
5520,8997004230088
5521,8997004230149
5522,8997004320222
5523,8997004320277
5524,8997004320321
5525,8997004320680
5526,8997004322097
5527,8997004322127
5528,8997004322165
5529,8997004322189
5530,8997005410199
5531,8997005950688
5532,8997007300016
5533,8997007641232
5534,8997007641294
5535,8997007642567
5536,8997007900629
5537,8997008000045
5538,8997008671061
5539,8997008671078
5540,8997008671085
5541,8997008671092
5542,8997008671108
5543,8997008671139
5544,8997008671153
5545,8997008671177
5546,8997009510017
5547,8997009510055
5548,8997009510116
5549,8997009510123
5550,8997009510130
5551,8997009510192
5552,8997009510208
5553,8997009510215
5554,8997009780243
5555,8997009780397
5556,8997009780410
5557,8997009780533
5558,8997009780540
5559,8997009781110
5560,8997010400017
5561,8997010400031
5562,8997010400109
5563,8997011060005
5564,8997011060104
5565,8997011060203
5566,8997011060906
5567,8997011062702
5568,8997011063006
5569,8997011064201
5570,8997011064300
5571,8997011064805
5572,8997011064904
5573,8997011067608
5574,8997011069152
5575,8997011870031
5576,8997011900080
5577,8997011995512
5578,8997012181129
5579,8997013070019
5580,8997013530148
5581,8997013532494
5582,8997013533460
5583,8997013537178
5584,8997014020013
5585,8997014020020
5586,8997014020037
5587,8997014020044
5588,8997014020211
5589,8997014020426
5590,8997014020433
5591,8997014020440
5592,8997014021089
5593,8997014050201
5594,8997014050256
5595,8997014050287
5596,8997014050317
5597,8997014050348
5598,8997014312156
5599,8997014330068
5600,8997016220046
5601,8997016220053
5602,8997016220084
5603,8997016220091
5604,8997016220114
5605,8997016220121
5606,8997016220138
5607,8997016220145
5608,8997016220152
5609,8997016220169
5610,8997016220497
5611,8997016220503
5612,8997016220510
5613,8997016220527
5614,8997016220541
5615,8997016220558
5616,8997016220602
5617,8997016220626
5618,8997016220695
5619,8997016220701
5620,8997016220718
5621,8997016220725
5622,8997016220732
5623,8997016220749
5624,8997016220756
5625,8997016220763
5626,8997016220992
5627,8997016370048
5628,8997016370116
5629,8997016370284
5630,8997016510017
5631,8997017640317
5632,8997017640324
5633,8997017640331
5634,8997017640348
5635,8997017640355
5636,8997017640379
5637,8997017640386
5638,8997017640393
5639,8997017640522
5640,8997017640539
5641,8997018483968
5642,8997018920012
5643,8997020760019
5644,8997020760026
5645,8997020760033
5646,8997020760088
5647,8997020760095
5648,8997020760118
5649,8997020760156
5650,8997021870014
5651,8997021870052
5652,8997021870076
5653,8997021870090
5654,8997021870137
5655,8997021870151
5656,8997021870236
5657,8997021870250
5658,8997021870274
5659,8997021870298
5660,8997021870403
5661,8997021870557
5662,8997021870571
5663,8997021870588
5664,8997021870717
5665,8997021870847
5666,8997021870908
5667,8997022640807
5668,8997025034016
5669,8997025060008
5670,8997025060022
5671,8997025060039
5672,8997025060053
5673,8997025060060
5674,8997025060091
5675,8997025060114
5676,8997025210083
5677,8997025210090
5678,8997025210106
5679,8997025210113
5680,8997032680541
5681,8997032680602
5682,8997035111110
5683,8997035563414
5684,8997035563452
5685,8997035563469
5686,8997035563476
5687,8997035563483
5688,8997035563544
5689,8997035600324
5690,8997035600430
5691,8997035600546
5692,8997035600720
5693,8997035600744
5694,8997079803583
5695,8997079803606
5696,8997207620860
5697,8997213670262
5698,8997214291206
5699,8997777020213
5700,8997777070218
5701,8997777070225
5702,8997777070232
5703,8997878003153
5704,8997979012443
5705,8998009010552
5706,8998009010569
5707,8998009010576
5708,8998009010583
5709,8998009010590
5710,8998009010606
5711,8998009010910
5712,8998009010927
5713,8998009020179
5714,8998009020186
5715,8998009020193
5716,8998009020209
5717,8998009020216
5718,8998009020223
5719,8998009020506
5720,8998009020537
5721,8998009030031
5722,8998009040023
5723,8998009040122
5724,8998009040153
5725,8998009050022
5726,8998009050053
5727,8998009050060
5728,8998103000534
5729,8998103000565
5730,8998103000589
5731,8998103000602
5732,8998103000688
5733,8998103000954
5734,8998103000985
5735,8998103001517
5736,8998103001524
5737,8998103001579
5738,8998103001586
5739,8998103001593
5740,8998103002002
5741,8998103002019
5742,8998103002026
5743,8998103002651
5744,8998103002729
5745,8998103002965
5746,8998103002989
5747,8998103003382
5748,8998103003399
5749,8998103003566
5750,8998103003573
5751,8998103003580
5752,8998103003603
5753,8998103003610
5754,8998103003627
5755,8998103003843
5756,8998103003850
5757,8998103004488
5758,8998103004549
5759,8998103004556
5760,8998103004600
5761,8998103004785
5762,8998103005522
5763,8998103005539
5764,8998103006499
5765,8998103006505
5766,8998103006512
5767,8998103006536
5768,8998103006543
5769,8998103007632
5770,8998103007755
5771,8998103008127
5772,8998103008158
5773,8998103008233
5774,8998103009810
5775,8998103010267
5776,8998103011301
5777,8998103011318
5778,8998103011325
5779,8998103011349
5780,8998103011363
5781,8998103011370
5782,8998103011707
5783,8998103011806
5784,8998103011813
5785,8998103011851
5786,8998103012247
5787,8998103012308
5788,8998103012438
5789,8998103012445
5790,8998103012483
5791,8998103012490
5792,8998103012506
5793,8998103012599
5794,8998103012605
5795,8998103012650
5796,8998103012728
5797,8998103012735
5798,8998103012742
5799,8998103012841
5800,8998103013053
5801,8998103014166
5802,8998103014326
5803,8998103014371
5804,8998103014388
5805,8998103015262
5806,8998103015279
5807,8998103015415
5808,8998103100654
5809,8998103100685
5810,8998103100692
5811,8998103204420
5812,89981108
5813,8998127217178
5814,8998127533124
5815,8998127533223
5816,8998127611136
5817,8998183216115
5818,8998183216122
5819,8998183216139
5820,8998389111085
5821,8998389111870
5822,8998389112013
5823,8998389112075
5824,8998389112105
5825,8998389112112
5826,8998389112129
5827,8998389112211
5828,8998389112228
5829,8998389112273
5830,8998389112389
5831,8998389112426
5832,8998389112433
5833,8998389112518
5834,8998389121220
5835,8998389121237
5836,8998389121251
5837,8998389121268
5838,8998389121299
5839,8998389121312
5840,8998389121336
5841,8998389121350
5842,8998389121374
5843,8998389121381
5844,8998389134428
5845,8998389134480
5846,8998389172178
5847,8998389172185
5848,8998389172192
5849,8998389312017
5850,8998666000217
5851,8998666000897
5852,8998666001306
5853,8998666001924
5854,8998667100046
5855,8998667100084
5856,8998667100169
5857,8998667100206
5858,8998667100732
5859,8998667100947
5860,8998667101203
5861,8998667101210
5862,8998667101432
5863,8998667300231
5864,8998667300255
5865,8998667300279
5866,8998667300330
5867,8998667300545
5868,8998667400559
5869,8998667400801
5870,8998685011003
5871,8998685012000
5872,8998685013007
5873,8998685014004
5874,8998685016008
5875,8998685021002
5876,8998685023006
5877,8998685024003
5878,8998685051306
5879,8998685052303
5880,8998685053300
5881,8998685054307
5882,8998685055304
5883,8998685056301
5884,8998685057308
5885,8998685111130
5886,8998685111147
5887,8998685160008
5888,8998685161005
5889,8998685171004
5890,8998685175002
5891,8998685177013
5892,8998685179017
5893,8998685182307
5894,8998685183304
5895,8998685184301
5896,8998685221013
5897,8998694120208
5898,8998694120277
5899,8998694120345
5900,8998694120970
5901,8998694120994
5902,8998777110218
5903,8998838050002
5904,8998838060018
5905,8998838060032
5906,8998838061022
5907,8998838290149
5908,8998838310212
5909,8998838350010
5910,8998838370179
5911,8998838390788
5912,8998862085537
5913,8998866100144
5914,8998866100151
5915,8998866100168
5916,8998866100229
5917,8998866100243
5918,8998866100250
5919,8998866100557
5920,8998866100564
5921,8998866100571
5922,8998866100595
5923,8998866100601
5924,8998866100618
5925,8998866100632
5926,8998866100649
5927,8998866100656
5928,8998866100700
5929,8998866100717
5930,8998866100731
5931,8998866100748
5932,8998866100755
5933,8998866100779
5934,8998866100786
5935,8998866100793
5936,8998866100809
5937,8998866100823
5938,8998866100830
5939,8998866100854
5940,8998866100878
5941,8998866100885
5942,8998866100908
5943,8998866100922
5944,8998866101097
5945,8998866101486
5946,8998866101509
5947,8998866101516
5948,8998866101530
5949,8998866101929
5950,8998866101936
5951,8998866101943
5952,8998866101950
5953,8998866101967
5954,8998866101974
5955,8998866101981
5956,8998866101998
5957,8998866102001
5958,8998866102162
5959,8998866102322
5960,8998866102483
5961,8998866102490
5962,8998866102506
5963,8998866102513
5964,8998866102629
5965,8998866102681
5966,8998866103084
5967,8998866103091
5968,8998866103107
5969,8998866103114
5970,8998866103121
5971,8998866103138
5972,8998866103237
5973,8998866103244
5974,8998866103251
5975,8998866103268
5976,8998866103275
5977,8998866103282
5978,8998866103428
5979,8998866103725
5980,8998866103909
5981,8998866103954
5982,8998866103961
5983,8998866103978
5984,8998866103985
5985,8998866104043
5986,8998866104074
5987,8998866104081
5988,8998866104098
5989,8998866104104
5990,8998866104128
5991,8998866104135
5992,8998866104159
5993,8998866104371
5994,8998866104388
5995,8998866104395
5996,8998866104401
5997,8998866104418
5998,8998866104456
5999,8998866104470
6000,8998866104487
6001,8998866104494
6002,8998866104500
6003,8998866104517
6004,8998866104784
6005,8998866104791
6006,8998866104876
6007,8998866104883
6008,8998866104913
6009,8998866104920
6010,8998866104937
6011,8998866105040
6012,8998866105057
6013,8998866105064
6014,8998866105071
6015,8998866105088
6016,8998866105132
6017,8998866105149
6018,8998866105156
6019,8998866105163
6020,8998866105170
6021,8998866105491
6022,8998866105507
6023,8998866105538
6024,8998866105606
6025,8998866105613
6026,8998866105620
6027,8998866105637
6028,8998866105644
6029,8998866105651
6030,8998866105699
6031,8998866105705
6032,8998866105736
6033,8998866105743
6034,8998866105750
6035,8998866105767
6036,8998866105781
6037,8998866105798
6038,8998866105927
6039,8998866105934
6040,8998866106054
6041,8998866106108
6042,8998866106115
6043,8998866106153
6044,8998866106184
6045,8998866106290
6046,8998866106306
6047,8998866106337
6048,8998866106344
6049,8998866106351
6050,8998866106368
6051,8998866106375
6052,8998866106382
6053,8998866106498
6054,8998866106504
6055,8998866106511
6056,8998866106528
6057,8998866106955
6058,8998866106962
6059,8998866181068
6060,8998866181075
6061,8998866181082
6062,8998866182171
6063,8998866182188
6064,8998866182201
6065,8998866182218
6066,8998866183178
6067,8998866183185
6068,8998866183208
6069,8998866183215
6070,8998866200219
6071,8998866200301
6072,8998866200318
6073,8998866200325
6074,8998866200332
6075,8998866200448
6076,8998866200509
6077,8998866200578
6078,8998866200691
6079,8998866200745
6080,8998866200790
6081,8998866200813
6082,8998866200820
6083,8998866200837
6084,8998866200844
6085,8998866200851
6086,8998866200882
6087,8998866200899
6088,8998866200912
6089,8998866200929
6090,8998866200936
6091,8998866200998
6092,8998866201001
6093,8998866201346
6094,8998866201353
6095,8998866201360
6096,8998866201377
6097,8998866201445
6098,8998866201452
6099,8998866201469
6100,8998866201476
6101,8998866201483
6102,8998866201490
6103,8998866201513
6104,8998866201520
6105,8998866201568
6106,8998866500012
6107,8998866500029
6108,8998866500128
6109,8998866500135
6110,8998866500142
6111,8998866500166
6112,8998866500173
6113,8998866500180
6114,8998866500319
6115,8998866500326
6116,8998866500333
6117,8998866500371
6118,8998866500388
6119,8998866500708
6120,8998866500715
6121,8998866500951
6122,8998866574044
6123,8998866574945
6124,8998866575010
6125,8998866600279
6126,8998866600286
6127,8998866600293
6128,8998866600439
6129,8998866600484
6130,8998866600491
6131,8998866600514
6132,8998866600521
6133,8998866600538
6134,8998866600552
6135,8998866600569
6136,8998866600996
6137,8998866601429
6138,8998866601436
6139,8998866601511
6140,8998866601597
6141,8998866601603
6142,8998866601825
6143,8998866601832
6144,8998866601863
6145,8998866601870
6146,8998866602211
6147,8998866602273
6148,8998866602280
6149,8998866602297
6150,8998866602334
6151,8998866602341
6152,8998866602358
6153,8998866602389
6154,8998866602549
6155,8998866602556
6156,8998866602563
6157,8998866602570
6158,8998866602594
6159,8998866602600
6160,8998866602655
6161,8998866602693
6162,8998866602709
6163,8998866602716
6164,8998866602723
6165,8998866602730
6166,8998866602747
6167,8998866602914
6168,8998866602969
6169,8998866602976
6170,8998866602983
6171,8998866602990
6172,8998866603379
6173,8998866603393
6174,8998866603409
6175,8998866603416
6176,8998866603522
6177,8998866603539
6178,8998866603669
6179,8998866603676
6180,8998866603683
6181,8998866603799
6182,8998866603812
6183,8998866603836
6184,8998866603881
6185,8998866604369
6186,8998866604383
6187,8998866604512
6188,8998866604703
6189,8998866604741
6190,8998866604932
6191,8998866604956
6192,8998866604963
6193,8998866605106
6194,8998866605113
6195,8998866605120
6196,8998866605137
6197,8998866605144
6198,8998866605151
6199,8998866605199
6200,8998866605236
6201,8998866605250
6202,8998866605267
6203,8998866605274
6204,8998866605649
6205,8998866605779
6206,8998866605809
6207,8998866605816
6208,8998866605922
6209,8998866605939
6210,8998866605946
6211,8998866605953
6212,8998866605960
6213,8998866606059
6214,8998866606066
6215,8998866606158
6216,8998866606417
6217,8998866606547
6218,8998866606554
6219,8998866606660
6220,8998866606684
6221,8998866606707
6222,8998866606769
6223,8998866606813
6224,8998866606820
6225,8998866606844
6226,8998866606882
6227,8998866606899
6228,8998866606905
6229,8998866606912
6230,8998866607100
6231,8998866607117
6232,8998866607315
6233,8998866607322
6234,8998866607339
6235,8998866607353
6236,8998866607360
6237,8998866607667
6238,8998866607872
6239,8998866607971
6240,8998866608008
6241,8998866608015
6242,8998866608039
6243,8998866608046
6244,8998866608084
6245,8998866608091
6246,8998866608107
6247,8998866608268
6248,8998866608275
6249,8998866608305
6250,8998866608312
6251,8998866608350
6252,8998866608367
6253,8998866608435
6254,8998866608459
6255,8998866608466
6256,8998866608473
6257,8998866608480
6258,8998866608497
6259,8998866608503
6260,8998866608510
6261,8998866608527
6262,8998866608534
6263,8998866608541
6264,8998866608558
6265,8998866608565
6266,8998866608572
6267,8998866608589
6268,8998866608602
6269,8998866608701
6270,8998866608718
6271,8998866608725
6272,8998866608947
6273,8998866608954
6274,8998866608961
6275,8998866609111
6276,8998866609142
6277,8998866609234
6278,8998866609395
6279,8998866609401
6280,8998866609418
6281,8998866609456
6282,8998866609463
6283,8998866609470
6284,8998866610087
6285,8998866610223
6286,8998866610230
6287,8998866610377
6288,8998866610384
6289,8998866610438
6290,8998866658577
6291,8998866658591
6292,8998866658669
6293,8998866659574
6294,8998866670722
6295,8998866671729
6296,8998866679404
6297,8998866679572
6298,8998866679596
6299,8998866679602
6300,8998866679664
6301,8998866800099
6302,8998866800204
6303,8998866803205
6304,8998866803694
6305,8998866803977
6306,8998866803984
6307,8998866805414
6308,8998866885591
6309,8998866888615
6310,8998866888622
6311,8998866888639
6312,8998866888653
6313,8998866888660
6314,8998888110114
6315,8998888710567
6316,8998898101409
6317,8998898101706
6318,8998898151404
6319,8998898280401
6320,8998898335408
6321,8998898338409
6322,8998898551105
6323,8998898804904
6324,8998898809107
6325,8998898819106
6326,8998898823905
6327,8998898825107
6328,8998898826104
6329,8998898829105
6330,8998898830101
6331,8998898831108
6332,8998898842104
6333,8998898845105
6334,8998898846409
6335,8998898847109
6336,8998898848106
6337,8998898850109
6338,8998898853100
6339,8998898856101
6340,8998898857108
6341,8998898860108
6342,8998899001302
6343,8998899001319
6344,8998899001401
6345,8998899001418
6346,8998899001470
6347,8998899001500
6348,8998899001579
6349,8998899001623
6350,8998899001920
6351,8998899001937
6352,8998899001975
6353,8998899004105
6354,8998899004211
6355,8998899004228
6356,8998899004242
6357,8998899004297
6358,8998899013015
6359,8998899013022
6360,8998899013039
6361,8998899013046
6362,8998899013053
6363,8998899013060
6364,8998899013107
6365,8998899013114
6366,8998899013121
6367,8998899013282
6368,8998899400204
6369,8998899400228
6370,8998899400327
6371,8998899400334
6372,8998899400341
6373,8998899400358
6374,8998899400402
6375,8998899940113
6376,8998899940144
6377,8998899940489
6378,8998899940557
6379,8998899940564
6380,8998899940571
6381,8998899995090
6382,8998989100120
6383,8999002310564
6384,8999002319659
6385,89991039
6386,8999223003115
6387,8999225106012
6388,8999225603016
6389,8999225606017
6390,8999225782063
6391,8999225782070
6392,8999225782094
6393,8999225782100
6394,8999225782179
6395,8999225782445
6396,8999225782452
6397,8999225782469
6398,8999225782506
6399,8999225782513
6400,8999225782520
6401,8999225782667
6402,8999225782681
6403,8999225783107
6404,8999225783114
6405,8999225783152
6406,8999225783169
6407,8999225783183
6408,8999225783206
6409,8999225783220
6410,8999225783244
6411,8999225783268
6412,8999225783282
6413,8999225783718
6414,8999225783732
6415,8999225783756
6416,8999225783770
6417,8999225783855
6418,8999225783879
6419,8999225785347
6420,8999225785385
6421,8999225785422
6422,8999225785446
6423,8999225785453
6424,8999225785460
6425,8999225785477
6426,8999225785484
6427,8999225785545
6428,8999225812500
6429,8999225825012
6430,8999225902508
6431,8999225902607
6432,8999225902706
6433,8999225903765
6434,8999225903819
6435,8999225903864
6436,8999225905226
6437,8999225905271
6438,8999225905332
6439,8999225905752
6440,8999225905967
6441,8999225905974
6442,8999225906384
6443,8999225906414
6444,8999225906438
6445,8999225907855
6446,8999225908302
6447,8999225908319
6448,8999225908333
6449,8999225908494
6450,8999225908500
6451,8999225908517
6452,8999225908524
6453,8999225908531
6454,8999225908548
6455,8999225908616
6456,8999777000004
6457,8999777000028
6458,8999777000042
6459,8999777000059
6460,8999777000066
6461,8999777000103
6462,8999777000110
6463,8999777000165
6464,8999777000172
6465,8999777000189
6466,8999777000226
6467,8999777000387
6468,8999777000776
6469,8999777001186
6470,8999777001254
6471,8999777001438
6472,8999777001490
6473,8999777002602
6474,8999777002954
6475,8999777004293
6476,8999777004514
6477,8999777004583
6478,8999777012267
6479,8999777019891
6480,8999777106614
6481,8999777765392
6482,8999777801403
6483,8999777802325
6484,8999777802332
6485,8999777806965
6486,8999777806972
6487,8999777811457
6488,8999777811686
6489,8999777813499
6490,8999777813680
6491,8999777813697
6492,8999777818456
6493,8999777818623
6494,8999777819224
6495,8999777819231
6496,8999777867232
6497,8999777867249
6498,8999777867256
6499,8999777867263
6500,8999777881870
6501,8999777888350
6502,8999777888367
6503,8999777888374
6504,8999777888381
6505,8999777890537
6506,8999809101310
6507,8999809400031
6508,8999818761918
6509,8999908000101
6510,8999908000200
6511,8999908000705
6512,8999908009302
6513,8999908010100
6514,8999908010209
6515,8999908010605
6516,8999908010704
6517,8999908034205
6518,8999908039101
6519,8999908039309
6520,8999908043801
6521,8999908045607
6522,8999908045706
6523,8999908045812
6524,8999908056207
6525,8999908056405
6526,8999908057709
6527,8999908060600
6528,8999908060709
6529,8999908060808
6530,8999908060907
6531,8999908061003
6532,8999908061102
6533,8999908071903
6534,8999908082701
6535,8999908082800
6536,8999908214706
6537,8999908214805
6538,8999908251008
6539,8999908251107
6540,8999908266002
6541,8999908266101
6542,8999908273000
6543,8999908273109
6544,8999908273208
6545,8999908273307
6546,8999908285003
6547,8999908302205
6548,8999908323903
6549,8999908354501
6550,8999908354600
6551,8999908393708
6552,8999908423801
6553,8999908426505
6554,8999908450906
6555,8999909000162
6556,8999909007147
6557,8999918181098
6558,8999918181180
6559,8999918181227
6560,8999918181289
6561,8999918181685
6562,8999918182989
6563,8999918183085
6564,8999918212112
6565,8999918383188
6566,8999918441239
6567,8999918441390
6568,8999918443509
6569,8999918451351
6570,8999918451368
6571,8999918451375
6572,8999918451382
6573,8999918451412
6574,8999918451429
6575,8999918451436
6576,8999918585193
6577,8999918585230
6578,8999988000312
6579,8999988888804
6580,8999988888811
6581,8999988888828
6582,8999988888835
6583,8999988888842
6584,8999988888859
6585,8999988888866
6586,8999988888989
6587,8999998020218
6588,8999998060214
6589,8999998060221
6590,8999998060238
6591,8999999000035
6592,8999999000059
6593,8999999000066
6594,8999999000080
6595,8999999000158
6596,8999999000165
6597,8999999000172
6598,8999999000189
6599,8999999000196
6600,8999999000202
6601,8999999000356
6602,8999999000417
6603,8999999000431
6604,8999999000608
6605,8999999000745
6606,8999999000769
6607,8999999000936
6608,8999999000974
6609,8999999001094
6610,8999999001100
6611,8999999001117
6612,8999999001124
6613,8999999001162
6614,8999999001186
6615,8999999001193
6616,8999999001209
6617,8999999001216
6618,8999999001223
6619,8999999001230
6620,8999999001247
6621,8999999001636
6622,8999999001643
6623,8999999001704
6624,8999999001711
6625,8999999001728
6626,8999999001735
6627,8999999001865
6628,8999999001889
6629,8999999001933
6630,8999999001957
6631,8999999001964
6632,8999999001971
6633,8999999001988
6634,8999999001995
6635,8999999002060
6636,8999999002138
6637,8999999002152
6638,8999999002299
6639,8999999002367
6640,8999999002466
6641,8999999002473
6642,8999999002497
6643,8999999002503
6644,8999999002558
6645,8999999002565
6646,8999999002626
6647,8999999002657
6648,8999999002688
6649,8999999002732
6650,8999999002749
6651,8999999002756
6652,8999999002800
6653,8999999003043
6654,8999999003067
6655,8999999003074
6656,8999999003081
6657,8999999003098
6658,8999999003241
6659,8999999003265
6660,8999999003272
6661,8999999003302
6662,8999999003326
6663,8999999003333
6664,8999999003371
6665,8999999003395
6666,8999999003401
6667,8999999003418
6668,8999999003517
6669,8999999003524
6670,8999999003586
6671,8999999003661
6672,8999999003685
6673,8999999003692
6674,8999999003708
6675,8999999003715
6676,8999999003722
6677,8999999003739
6678,8999999003746
6679,8999999003753
6680,8999999003760
6681,8999999003777
6682,8999999003784
6683,8999999003807
6684,8999999003883
6685,8999999003890
6686,8999999003906
6687,8999999003913
6688,8999999004101
6689,8999999004194
6690,8999999004217
6691,8999999004224
6692,8999999004248
6693,8999999004262
6694,8999999004293
6695,8999999004347
6696,8999999004422
6697,8999999004637
6698,8999999004644
6699,8999999004651
6700,8999999004668
6701,8999999004682
6702,8999999004705
6703,8999999004712
6704,8999999004736
6705,8999999005061
6706,8999999005436
6707,8999999005443
6708,8999999005481
6709,8999999005580
6710,8999999005597
6711,8999999005610
6712,8999999005672
6713,8999999005689
6714,8999999005801
6715,8999999005924
6716,8999999005986
6717,8999999006020
6718,8999999006075
6719,8999999006136
6720,8999999006143
6721,8999999006198
6722,8999999006204
6723,8999999006211
6724,8999999006778
6725,8999999007003
6726,8999999007010
6727,8999999007034
6728,8999999007195
6729,8999999007348
6730,8999999007652
6731,8999999007768
6732,8999999007782
6733,8999999007799
6734,8999999008055
6735,8999999008062
6736,8999999008079
6737,8999999008086
6738,8999999008239
6739,8999999008246
6740,8999999008253
6741,8999999008260
6742,8999999008482
6743,8999999008499
6744,8999999008505
6745,8999999008512
6746,8999999008529
6747,8999999008536
6748,8999999008543
6749,8999999008697
6750,8999999008703
6751,8999999008710
6752,8999999008796
6753,8999999008802
6754,8999999008857
6755,8999999008864
6756,8999999008871
6757,8999999008918
6758,8999999008925
6759,8999999009267
6760,8999999009274
6761,8999999009281
6762,8999999009403
6763,8999999009410
6764,8999999009427
6765,8999999009441
6766,8999999009656
6767,8999999009663
6768,8999999009762
6769,8999999010805
6770,8999999012625
6771,8999999013080
6772,8999999013165
6773,8999999013196
6774,8999999013899
6775,8999999016111
6776,8999999020019
6777,8999999020217
6778,8999999020231
6779,8999999020354
6780,8999999021863
6781,8999999021894
6782,8999999021900
6783,8999999022211
6784,8999999022341
6785,8999999022358
6786,8999999023171
6787,8999999023638
6788,8999999023805
6789,8999999023874
6790,8999999023881
6791,8999999023997
6792,8999999024000
6793,8999999024482
6794,8999999024734
6795,8999999024772
6796,8999999024789
6797,8999999025816
6798,8999999025984
6799,8999999025991
6800,8999999026004
6801,8999999026288
6802,8999999026370
6803,8999999026417
6804,8999999026998
6805,8999999027001
6806,8999999027025
6807,8999999027032
6808,8999999027049
6809,8999999027056
6810,8999999027063
6811,8999999027254
6812,8999999027261
6813,8999999027278
6814,8999999027506
6815,8999999027568
6816,8999999027575
6817,8999999027582
6818,8999999027605
6819,8999999027612
6820,8999999027643
6821,8999999027766
6822,8999999027773
6823,8999999027780
6824,8999999027797
6825,8999999027810
6826,8999999027834
6827,8999999027841
6828,8999999027872
6829,8999999028312
6830,8999999028329
6831,8999999028336
6832,8999999028695
6833,8999999028701
6834,8999999029081
6835,8999999029098
6836,8999999029197
6837,8999999029203
6838,8999999029210
6839,8999999029227
6840,8999999029265
6841,8999999029272
6842,8999999029296
6843,8999999029302
6844,8999999029326
6845,8999999029357
6846,8999999029579
6847,8999999029586
6848,8999999029616
6849,8999999029647
6850,8999999029685
6851,8999999029715
6852,8999999029722
6853,8999999029739
6854,8999999029746
6855,8999999029821
6856,8999999029852
6857,8999999029869
6858,8999999029920
6859,8999999029937
6860,8999999029944
6861,8999999030049
6862,8999999030179
6863,8999999030186
6864,8999999030520
6865,8999999030698
6866,8999999030728
6867,8999999030933
6868,8999999030940
6869,8999999031107
6870,8999999031114
6871,8999999031121
6872,899999903125
6873,8999999031312
6874,8999999031435
6875,8999999031497
6876,8999999031602
6877,8999999031695
6878,8999999031923
6879,8999999031930
6880,8999999031947
6881,8999999031954
6882,8999999032326
6883,8999999032623
6884,8999999032647
6885,8999999032739
6886,8999999032746
6887,8999999032852
6888,8999999032883
6889,8999999032890
6890,8999999032913
6891,8999999032920
6892,8999999033125
6893,8999999033132
6894,8999999033163
6895,8999999033170
6896,8999999033200
6897,8999999033217
6898,8999999033811
6899,8999999034023
6900,8999999034290
6901,8999999034597
6902,8999999034603
6903,8999999034610
6904,8999999034689
6905,8999999034696
6906,8999999034702
6907,8999999034719
6908,8999999034726
6909,8999999034733
6910,8999999034818
6911,8999999034825
6912,8999999035051
6913,8999999035075
6914,8999999035488
6915,8999999035525
6916,8999999035532
6917,8999999035563
6918,8999999035570
6919,8999999035815
6920,8999999035839
6921,8999999035846
6922,8999999035914
6923,8999999035921
6924,8999999036096
6925,8999999036119
6926,8999999036348
6927,8999999036355
6928,8999999036447
6929,8999999036492
6930,8999999036508
6931,8999999036515
6932,8999999036522
6933,8999999036539
6934,8999999036553
6935,8999999036560
6936,8999999036584
6937,8999999036607
6938,8999999036638
6939,8999999036676
6940,8999999036690
6941,8999999036706
6942,8999999036898
6943,8999999036904
6944,8999999036911
6945,8999999036928
6946,8999999036942
6947,8999999036959
6948,8999999037123
6949,8999999037246
6950,8999999037338
6951,8999999037352
6952,8999999037451
6953,8999999037482
6954,8999999037611
6955,8999999037628
6956,8999999037635
6957,8999999037819
6958,8999999037826
6959,8999999037987
6960,8999999038007
6961,8999999038595
6962,8999999038717
6963,8999999038830
6964,8999999038847
6965,8999999038960
6966,8999999039073
6967,8999999039080
6968,8999999039097
6969,8999999039103
6970,8999999039110
6971,8999999039141
6972,8999999039158
6973,8999999039165
6974,8999999039226
6975,8999999039233
6976,8999999039806
6977,8999999039813
6978,8999999039875
6979,8999999039882
6980,8999999040000
6981,8999999040123
6982,8999999040291
6983,8999999040314
6984,8999999040444
6985,8999999040741
6986,8999999040802
6987,8999999040819
6988,8999999041045
6989,8999999041144
6990,8999999041151
6991,8999999041168
6992,8999999041205
6993,8999999041212
6994,8999999041229
6995,8999999041236
6996,8999999041243
6997,8999999041267
6998,8999999041274
6999,8999999041533
7000,8999999041656
7001,8999999041663
7002,8999999041847
7003,8999999041854
7004,8999999041892
7005,8999999041915
7006,8999999041939
7007,8999999042257
7008,8999999042271
7009,8999999042387
7010,8999999042592
7011,8999999042608
7012,8999999042639
7013,8999999042646
7014,8999999043001
7015,8999999043254
7016,8999999043261
7017,8999999043278
7018,8999999043346
7019,8999999043353
7020,8999999043483
7021,8999999043490
7022,8999999043506
7023,8999999043513
7024,8999999043681
7025,8999999043735
7026,8999999043742
7027,8999999043759
7028,8999999043766
7029,8999999043773
7030,8999999043780
7031,8999999043797
7032,8999999043803
7033,8999999043810
7034,8999999043827
7035,8999999043865
7036,8999999043872
7037,8999999043889
7038,8999999043896
7039,8999999043940
7040,8999999043957
7041,8999999043995
7042,8999999044091
7043,8999999044886
7044,8999999045265
7045,8999999045494
7046,8999999045500
7047,8999999045531
7048,8999999045555
7049,8999999045562
7050,8999999045579
7051,8999999045630
7052,8999999045661
7053,8999999045760
7054,8999999045777
7055,8999999045784
7056,8999999046149
7057,8999999046644
7058,8999999046972
7059,8999999047191
7060,8999999047207
7061,8999999047221
7062,8999999047238
7063,8999999047245
7064,8999999047252
7065,8999999048167
7066,8999999048174
7067,8999999048181
7068,8999999048228
7069,8999999048242
7070,8999999048259
7071,8999999048266
7072,8999999048280
7073,8999999048297
7074,8999999048303
7075,8999999048396
7076,8999999048402
7077,8999999048419
7078,8999999048488
7079,8999999048501
7080,8999999048518
7081,8999999048525
7082,8999999048556
7083,8999999049034
7084,8999999049393
7085,8999999049409
7086,8999999049416
7087,8999999049423
7088,8999999049430
7089,8999999049447
7090,8999999049454
7091,8999999049461
7092,8999999049478
7093,8999999049485
7094,8999999049492
7095,8999999049508
7096,8999999049669
7097,8999999050009
7098,8999999051617
7099,8999999052126
7100,8999999052133
7101,8999999052140
7102,8999999052331
7103,8999999052959
7104,8999999052973
7105,8999999052980
7106,8999999052997
7107,8999999053000
7108,8999999053031
7109,8999999053048
7110,8999999053055
7111,8999999053062
7112,8999999053079
7113,8999999054526
7114,8999999054601
7115,8999999055752
7116,8999999055769
7117,8999999055776
7118,8999999056186
7119,8999999056841
7120,8999999056889
7121,8999999056988
7122,8999999057015
7123,8999999057022
7124,8999999057039
7125,8999999057046
7126,8999999057183
7127,8999999057237
7128,8999999057633
7129,8999999057695
7130,8999999057879
7131,8999999058340
7132,8999999058357
7133,8999999059309
7134,8999999059316
7135,8999999059323
7136,8999999059330
7137,8999999059347
7138,8999999059354
7139,8999999059781
7140,8999999059903
7141,8999999059934
7142,8999999193522
7143,8999999195649
7144,8999999196387
7145,8999999273385
7146,8999999273415
7147,8999999275440
7148,8999999275549
7149,8999999276171
7150,8999999277734
7151,8999999277857
7152,8999999278281
7153,8999999278298
7154,8999999278366
7155,8999999278380
7156,8999999278403
7157,8999999278427
7158,8999999278458
7159,8999999280253
7160,8999999282196
7161,8999999282202
7162,8999999283018
7163,8999999283032
7164,8999999294021
7165,8999999294038
7166,8999999390181
7167,8999999390198
7168,8999999390419
7169,8999999391539
7170,8999999392154
7171,8999999392178
7172,8999999392734
7173,8999999393687
7174,8999999394462
7175,8999999394608
7176,8999999395049
7177,8999999395438
7178,8999999395711
7179,8999999396251
7180,8999999396282
7181,8999999396329
7182,8999999396749
7183,8999999397289
7184,8999999397371
7185,8999999399917
7186,8999999400798
7187,8999999400804
7188,8999999400811
7189,8999999400828
7190,8999999400903
7191,8999999400910
7192,8999999400927
7193,8999999400934
7194,8999999400958
7195,8999999400972
7196,8999999401016
7197,8999999401023
7198,8999999401054
7199,8999999401122
7200,8999999401139
7201,8999999401160
7202,8999999401221
7203,8999999401238
7204,8999999401269
7205,8999999401290
7206,8999999401306
7207,8999999401313
7208,8999999401320
7209,8999999403072
7210,8999999403096
7211,8999999403140
7212,8999999403164
7213,8999999403836
7214,8999999406813
7215,8999999406912
7216,8999999406929
7217,8999999406936
7218,8999999406943
7219,8999999406950
7220,8999999406998
7221,8999999407872
7222,8999999500078
7223,8999999500399
7224,8999999500627
7225,8999999501181
7226,8999999501945
7227,8999999502232
7228,8999999502454
7229,8999999503727
7230,8999999504007
7231,8999999504014
7232,8999999504021
7233,8999999504038
7234,8999999504502
7235,8999999510541
7236,8999999511258
7237,8999999513245
7238,8999999513757
7239,8999999514006
7240,8999999515171
7241,8999999515201
7242,8999999515515
7243,8999999516802
7244,8999999520007
7245,8999999520175
7246,8999999522100
7247,8999999522162
7248,8999999523800
7249,8999999525217
7250,8999999529833
7251,8999999532628
7252,8999999700010
7253,8999999700027
7254,8999999705985
7255,8999999706081
7256,8999999706111
7257,8999999706173
7258,8999999706180
7259,8999999706449
7260,8999999706616
7261,8999999706623
7262,8999999706630
7263,8999999706661
7264,8999999706883
7265,8999999707743
7266,8999999707774
7267,8999999707781
7268,8999999707798
7269,8999999707835
7270,8999999707842
7271,8999999707859
7272,8999999708665
7273,8999999708900
7274,8999999710866
7275,8999999710873
7276,8999999710880
7277,8999999711344
7278,8999999711351
7279,8999999713195
7280,8999999713201
7281,8999999713218
7282,8999999713775
7283,8999999713782
7284,8999999713928
7285,8999999713997
7286,8999999714017
7287,8999999714857
7288,8999999714864
7289,8999999715045
7290,8999999715236
7291,8999999715250
7292,8999999715571
7293,8999999715618
7294,8999999715632
7295,8999999715649
7296,8999999715694
7297,8999999715786
7298,8999999715847
7299,8999999715861
7300,8999999715878
7301,8999999715960
7302,8999999716011
7303,8999999716066
7304,8999999716110
7305,8999999716172
7306,8999999716196
7307,8999999716202
7308,8999999716264
7309,8999999716271
7310,8999999716301
7311,8999999716325
7312,8999999716332
7313,8999999716363
7314,8999999716592
7315,8999999716677
7316,8999999716806
7317,8999999716837
7318,8999999716882
7319,8999999716912
7320,8999999716929
7321,8999999717094
7322,8999999717100
7323,8999999717124
7324,8999999717148
7325,8999999717506
7326,8999999717520
7327,8999999717537
7328,8999999717612
7329,8999999717629
7330,8999999717643
7331,8999999718008
7332,8999999718176
7333,8999999718442
7334,8999999718480
7335,8999999718497
7336,8999999718503
7337,8999999718510
7338,8999999718671
7339,8999999718688
7340,8999999718701
7341,8999999718718
7342,8999999718725
7343,8999999718732
7344,8999999718749
7345,8999999718763
7346,8999999718770
7347,8999999718787
7348,8999999718794
7349,8999999718800
7350,8999999718817
7351,8999999718824
7352,8999999718947
7353,8999999718954
7354,8999999718961
7355,8999999718978
7356,8999999718992
7357,8999999719012
7358,8999999719135
7359,8999999719142
7360,8999999719395
7361,8999999719418
7362,8999999719616
7363,8999999719623
7364,8999999719746
7365,8999999719753
7366,8999999719760
7367,8999999719852
7368,8999999719876
7369,8999999719937
7370,8999999720094
7371,8999999720353
7372,8999999720438
7373,8999999720575
7374,8999999720582
7375,8999999720599
7376,8999999720735
7377,8999999720766
7378,8999999720773
7379,8999999720865
7380,8999999720940
7381,8999999721176
7382,90
7383,905200871125
7384,91
7385,9300663458950
7386,9300663458967
7387,9300830001743
7388,9300830022557
7389,9310042627501
7390,94
7391,95506296
7392,95506302
7393,95506319
7394,95506913
7395,9555684611642
7396,9556001025272
7397,9556001047175
7398,9556001051509
7399,9556001054005
7400,9556006283103
7401,9556006283110
7402,9556006283127
7403,9556156003347
7404,9556156003385
7405,9556156033597
7406,9556156046108
7407,9556196004724
7408,9556196004731
7409,9556781001107
7410,956888672504
7411,96
7412,97
7413,9786021564769
7414,9786024567842
7415,98
7416,9875
7417,9889980119749
7418,996001440520
7419,9975
7420,9996492
7421,999777019891
7422,001
7425,_
7426,DEMO-U-BENGKEL_MOTOR-000001
7427,DEMO-U-BENGKEL_MOTOR-000002
7428,DEMO-U-BENGKEL_MOTOR-000003
7429,DEMO-U-BENGKEL_MOTOR-000004
7430,DEMO-U-BENGKEL_MOTOR-000005
7431,DEMO-U-BENGKEL_MOTOR-000006
7432,DEMO-U-BENGKEL_MOTOR-000007
7433,DEMO-U-BENGKEL_MOTOR-000008
7434,DEMO-U-BENGKEL_MOTOR-000009
7435,DEMO-U-BENGKEL_MOTOR-000010
7436,DEMO-U-BENGKEL_MOTOR-000011
7437,DEMO-U-BENGKEL_MOTOR-000012
7438,DEMO-U-BENGKEL_MOTOR-000013
7439,DEMO-U-BENGKEL_MOTOR-000014
7440,DEMO-U-BENGKEL_MOTOR-000015
7441,DEMO-U-BENGKEL_MOTOR-000016
7442,DEMO-U-BENGKEL_MOTOR-000017
7443,DEMO-U-BENGKEL_MOTOR-000018
7444,DEMO-U-BENGKEL_MOTOR-000019
7445,DEMO-U-BENGKEL_MOTOR-000020
7446,DEMO-U-BENGKEL_MOTOR-000021
7447,DEMO-U-BENGKEL_MOTOR-000022
7448,DEMO-U-BENGKEL_MOTOR-000023
7449,DEMO-U-BENGKEL_MOTOR-000024
7450,DEMO-U-BENGKEL_MOTOR-000025
7451,DEMO-U-BENGKEL_MOTOR-000026
7452,DEMO-U-BENGKEL_MOTOR-000027
7453,DEMO-U-BENGKEL_MOTOR-000028
7454,DEMO-U-BENGKEL_MOTOR-000029
7455,DEMO-U-BENGKEL_MOTOR-000030
7456,DEMO-U-BENGKEL_MOTOR-000031
7457,DEMO-U-BENGKEL_MOTOR-000032
7458,DEMO-U-BENGKEL_MOTOR-000033
7459,DEMO-U-BENGKEL_MOTOR-000034
7460,DEMO-U-BENGKEL_MOTOR-000035
7461,DEMO-U-BENGKEL_MOTOR-000036
7462,DEMO-U-BENGKEL_MOTOR-000037
7463,DEMO-U-BENGKEL_MOTOR-000038
7464,DEMO-U-BENGKEL_MOTOR-000039
7465,DEMO-U-BENGKEL_MOTOR-000040
7466,DEMO-U-BENGKEL_MOTOR-000041
7467,DEMO-U-BENGKEL_MOTOR-000042
7468,DEMO-U-BENGKEL_MOTOR-000043
7469,DEMO-U-BENGKEL_MOTOR-000044
7470,DEMO-U-BENGKEL_MOTOR-000045
7471,DEMO-U-BENGKEL_MOTOR-000046
7472,DEMO-U-BENGKEL_MOTOR-000047
7473,DEMO-U-BENGKEL_MOTOR-000048
7474,DEMO-U-BENGKEL_MOTOR-000049
7475,DEMO-U-BENGKEL_MOTOR-000050
7476,DEMO-U-BENGKEL_MOTOR-000051
7477,DEMO-U-BENGKEL_MOTOR-000052
7478,DEMO-U-BENGKEL_MOTOR-000053
7479,DEMO-U-BENGKEL_MOTOR-000054
7480,DEMO-U-BENGKEL_MOTOR-000055
7481,DEMO-U-BENGKEL_MOTOR-000056
7482,DEMO-U-BENGKEL_MOTOR-000057
7483,DEMO-U-BENGKEL_MOTOR-000058
7484,DEMO-U-BENGKEL_MOTOR-000059
7485,DEMO-U-BENGKEL_MOTOR-000060
7486,DEMO-U-BENGKEL_MOTOR-000061
7487,DEMO-U-BENGKEL_MOTOR-000062
7488,DEMO-U-BENGKEL_MOTOR-000063
7489,DEMO-U-BENGKEL_MOTOR-000064
7490,DEMO-U-BENGKEL_MOTOR-000065
7491,DEMO-U-BENGKEL_MOTOR-000066
7492,DEMO-U-BENGKEL_MOTOR-000067
7493,DEMO-U-BENGKEL_MOTOR-000068
7494,DEMO-U-BENGKEL_MOTOR-000069
7495,DEMO-U-BENGKEL_MOTOR-000070
7496,DEMO-U-BENGKEL_MOTOR-000071
7497,DEMO-U-BENGKEL_MOTOR-000072
7498,DEMO-U-BENGKEL_MOTOR-000073
7499,DEMO-U-BENGKEL_MOTOR-000074
7500,DEMO-U-BENGKEL_MOTOR-000075
7501,DEMO-U-BENGKEL_MOTOR-000076
7502,DEMO-U-BENGKEL_MOTOR-000077
7503,DEMO-U-BENGKEL_MOTOR-000078
7504,DEMO-U-BENGKEL_MOTOR-000079
7505,DEMO-U-BENGKEL_MOTOR-000080
7506,DEMO-U-BENGKEL_MOTOR-000081
7507,DEMO-U-BENGKEL_MOTOR-000082
7508,DEMO-U-BENGKEL_MOTOR-000083
7509,DEMO-U-BENGKEL_MOTOR-000084
7510,DEMO-U-BENGKEL_MOTOR-000085
7511,DEMO-U-BENGKEL_MOTOR-000086
7512,DEMO-U-BENGKEL_MOTOR-000087
7513,DEMO-U-BENGKEL_MOTOR-000088
7514,DEMO-U-BENGKEL_MOTOR-000089
7515,DEMO-U-BENGKEL_MOTOR-000090
7516,DEMO-U-BENGKEL_MOTOR-000091
7517,DEMO-U-BENGKEL_MOTOR-000092
7518,DEMO-U-BENGKEL_MOTOR-000093
7519,DEMO-U-BENGKEL_MOTOR-000094
7520,DEMO-U-BENGKEL_MOTOR-000095
7521,DEMO-U-BENGKEL_MOTOR-000096
7522,DEMO-U-BENGKEL_MOTOR-000097
7523,DEMO-U-BENGKEL_MOTOR-000098
7524,DEMO-U-BENGKEL_MOTOR-000099
7525,DEMO-U-BENGKEL_MOTOR-000100
7526,DEMO-U-BENGKEL_MOTOR-000101
7527,DEMO-U-BENGKEL_MOTOR-000102
7528,DEMO-U-BENGKEL_MOTOR-000103
7529,DEMO-U-BENGKEL_MOTOR-000104
7530,DEMO-U-BENGKEL_MOTOR-000105
7531,DEMO-U-BENGKEL_MOTOR-000106
7532,DEMO-U-BENGKEL_MOTOR-000107
7533,DEMO-U-BENGKEL_MOTOR-000108
7534,DEMO-U-BENGKEL_MOTOR-000109
7535,DEMO-U-BENGKEL_MOTOR-000110
7536,DEMO-U-BENGKEL_MOTOR-000111
7537,DEMO-U-BENGKEL_MOTOR-000112
7538,DEMO-U-BENGKEL_MOTOR-000113
7539,DEMO-U-BENGKEL_MOTOR-000114
7540,DEMO-U-BENGKEL_MOTOR-000115
7541,DEMO-U-BENGKEL_MOTOR-000116
7542,DEMO-U-BENGKEL_MOTOR-000117
7543,DEMO-U-BENGKEL_MOTOR-000118
7544,DEMO-U-BENGKEL_MOTOR-000119
7545,DEMO-U-BENGKEL_MOTOR-000120
7546,DEMO-U-BENGKEL_MOTOR-000121
7547,DEMO-U-BENGKEL_MOTOR-000122
7548,DEMO-U-BENGKEL_MOTOR-000123
7549,DEMO-U-BENGKEL_MOTOR-000124
7550,DEMO-U-BENGKEL_MOTOR-000125
7551,DEMO-U-BENGKEL_MOTOR-000126
7552,DEMO-U-BENGKEL_MOTOR-000127
7553,DEMO-U-BENGKEL_MOTOR-000128
7554,DEMO-U-BENGKEL_MOTOR-000129
7555,DEMO-U-BENGKEL_MOTOR-000130
7556,DEMO-U-BENGKEL_MOTOR-000131
7557,DEMO-U-BENGKEL_MOTOR-000132
7558,DEMO-U-BENGKEL_MOTOR-000133
7559,DEMO-U-BENGKEL_MOTOR-000134
7560,DEMO-U-BENGKEL_MOTOR-000135
7561,DEMO-U-BENGKEL_MOTOR-000136
7562,DEMO-U-BENGKEL_MOTOR-000137
7563,DEMO-U-BENGKEL_MOTOR-000138
7564,DEMO-U-BENGKEL_MOTOR-000139
7565,DEMO-U-BENGKEL_MOTOR-000140
7566,DEMO-U-BENGKEL_MOTOR-000141
7567,DEMO-U-BENGKEL_MOTOR-000142
7568,DEMO-U-BENGKEL_MOTOR-000143
7569,DEMO-U-BENGKEL_MOTOR-000144
7570,DEMO-U-BENGKEL_MOTOR-000145
7571,DEMO-U-BENGKEL_MOTOR-000146
7572,DEMO-U-BENGKEL_MOTOR-000147
7573,DEMO-U-BENGKEL_MOTOR-000148
7574,DEMO-U-BENGKEL_MOTOR-000149
7575,DEMO-U-BENGKEL_MOTOR-000150
7576,DEMO-U-BENGKEL_MOTOR-000151
7577,DEMO-U-BENGKEL_MOTOR-000152
7578,DEMO-U-BENGKEL_MOTOR-000153
7579,DEMO-U-BENGKEL_MOTOR-000154
7580,DEMO-U-BENGKEL_MOTOR-000155
7581,DEMO-U-BENGKEL_MOTOR-000156
7582,DEMO-U-BENGKEL_MOTOR-000157
7583,DEMO-U-BENGKEL_MOTOR-000158
7584,DEMO-U-BENGKEL_MOTOR-000159
7585,DEMO-U-BENGKEL_MOTOR-000160
7586,DEMO-U-BENGKEL_MOTOR-000161
7587,DEMO-U-BENGKEL_MOTOR-000162
7588,DEMO-U-BENGKEL_MOTOR-000163
7589,DEMO-U-BENGKEL_MOTOR-000164
7590,DEMO-U-BENGKEL_MOTOR-000165
7591,DEMO-U-BENGKEL_MOTOR-000166
7592,DEMO-U-BENGKEL_MOTOR-000167
7593,DEMO-U-BENGKEL_MOTOR-000168
7594,DEMO-U-BENGKEL_MOTOR-000169
7595,DEMO-U-BENGKEL_MOTOR-000170
7596,DEMO-U-BENGKEL_MOTOR-000171
7597,DEMO-U-BENGKEL_MOTOR-000172
7598,DEMO-U-BENGKEL_MOTOR-000173
7599,DEMO-U-BENGKEL_MOTOR-000174
7600,DEMO-U-BENGKEL_MOTOR-000175
7601,DEMO-U-BENGKEL_MOTOR-000176
7602,DEMO-U-BENGKEL_MOTOR-000177
7603,DEMO-U-BENGKEL_MOTOR-000178
7604,DEMO-U-BENGKEL_MOTOR-000179
7605,DEMO-U-BENGKEL_MOTOR-000180
7606,DEMO-U-BENGKEL_MOTOR-000181
7607,DEMO-U-BENGKEL_MOTOR-000182
7608,DEMO-U-BENGKEL_MOTOR-000183
7609,DEMO-U-BENGKEL_MOTOR-000184
7610,DEMO-U-BENGKEL_MOTOR-000185
7611,DEMO-U-BENGKEL_MOTOR-000186
7612,DEMO-U-BENGKEL_MOTOR-000187
7613,DEMO-U-BENGKEL_MOTOR-000188
7614,DEMO-U-BENGKEL_MOTOR-000189
7615,DEMO-U-BENGKEL_MOTOR-000190
7616,DEMO-U-BENGKEL_MOTOR-000191
7617,DEMO-U-BENGKEL_MOTOR-000192
7618,DEMO-U-BENGKEL_MOTOR-000193
7619,DEMO-U-BENGKEL_MOTOR-000194
7620,DEMO-U-BENGKEL_MOTOR-000195
7621,DEMO-U-BENGKEL_MOTOR-000196
7622,DEMO-U-BENGKEL_MOTOR-000197
7623,DEMO-U-BENGKEL_MOTOR-000198
7624,DEMO-U-BENGKEL_MOTOR-000199
7625,DEMO-U-BENGKEL_MOTOR-000200
7626,DEMO-U-BENGKEL_MOTOR-000201
7627,DEMO-U-BENGKEL_MOTOR-000202
7628,DEMO-U-BENGKEL_MOTOR-000203
7629,DEMO-U-BENGKEL_MOTOR-000204
7630,DEMO-U-BENGKEL_MOTOR-000205
7631,DEMO-U-BENGKEL_MOTOR-000206
7632,DEMO-U-BENGKEL_MOTOR-000207
7633,DEMO-U-BENGKEL_MOTOR-000208
7634,DEMO-U-BENGKEL_MOTOR-000209
7635,DEMO-U-BENGKEL_MOTOR-000210
7636,DEMO-U-BENGKEL_MOTOR-000211
7637,DEMO-U-BENGKEL_MOTOR-000212
7638,DEMO-U-BENGKEL_MOTOR-000213
7639,DEMO-U-BENGKEL_MOTOR-000214
7640,DEMO-U-BENGKEL_MOTOR-000215
7641,DEMO-U-BENGKEL_MOTOR-000216
7642,DEMO-U-BENGKEL_MOTOR-000217
7643,DEMO-U-BENGKEL_MOTOR-000218
7644,DEMO-U-BENGKEL_MOTOR-000219
7645,DEMO-U-BENGKEL_MOTOR-000220
7646,DEMO-U-BENGKEL_MOTOR-000221
7647,DEMO-U-BENGKEL_MOTOR-000222
7648,DEMO-U-BENGKEL_MOTOR-000223
7649,DEMO-U-BENGKEL_MOTOR-000224
7650,DEMO-U-BENGKEL_MOTOR-000225
7651,DEMO-U-BENGKEL_MOTOR-000226
7652,DEMO-U-BENGKEL_MOTOR-000227
7653,DEMO-U-BENGKEL_MOTOR-000228
7654,DEMO-U-BENGKEL_MOTOR-000229
7655,DEMO-U-BENGKEL_MOTOR-000230
7656,DEMO-U-BENGKEL_MOTOR-000231
7657,DEMO-U-BENGKEL_MOTOR-000232
7658,DEMO-U-BENGKEL_MOTOR-000233
7659,DEMO-U-BENGKEL_MOTOR-000234
7660,DEMO-U-BENGKEL_MOTOR-000235
7661,DEMO-U-BENGKEL_MOTOR-000236
7662,DEMO-U-BENGKEL_MOTOR-000237
7663,DEMO-U-BENGKEL_MOTOR-000238
7664,DEMO-U-BENGKEL_MOTOR-000239
7665,DEMO-U-BENGKEL_MOTOR-000240
7666,DEMO-U-BENGKEL_MOTOR-000241
7667,DEMO-U-BENGKEL_MOTOR-000242
7668,DEMO-U-BENGKEL_MOTOR-000243
7669,DEMO-U-BENGKEL_MOTOR-000244
7670,DEMO-U-BENGKEL_MOTOR-000245
7671,DEMO-U-BENGKEL_MOTOR-000246
7672,DEMO-U-BENGKEL_MOTOR-000247
7673,DEMO-U-BENGKEL_MOTOR-000248
7674,DEMO-U-BENGKEL_MOTOR-000249
7675,DEMO-U-BENGKEL_MOTOR-000250
7676,DEMO-U-WARUNG_MAKAN-000001
7677,DEMO-U-WARUNG_MAKAN-000002
7678,DEMO-U-WARUNG_MAKAN-000003
7679,DEMO-U-WARUNG_MAKAN-000004
7680,DEMO-U-WARUNG_MAKAN-000005
7681,DEMO-U-WARUNG_MAKAN-000006
7682,DEMO-U-WARUNG_MAKAN-000007
7683,DEMO-U-WARUNG_MAKAN-000008
7684,DEMO-U-WARUNG_MAKAN-000009
7685,DEMO-U-WARUNG_MAKAN-000010
7686,DEMO-U-WARUNG_MAKAN-000011
7687,DEMO-U-WARUNG_MAKAN-000012
7688,DEMO-U-WARUNG_MAKAN-000013
7689,DEMO-U-WARUNG_MAKAN-000014
7690,DEMO-U-WARUNG_MAKAN-000015
7691,DEMO-U-WARUNG_MAKAN-000016
7692,DEMO-U-WARUNG_MAKAN-000017
7693,DEMO-U-WARUNG_MAKAN-000018
7694,DEMO-U-WARUNG_MAKAN-000019
7695,DEMO-U-WARUNG_MAKAN-000020
7696,DEMO-U-WARUNG_MAKAN-000021
7697,DEMO-U-WARUNG_MAKAN-000022
7698,DEMO-U-WARUNG_MAKAN-000023
7699,DEMO-U-WARUNG_MAKAN-000024
7700,DEMO-U-WARUNG_MAKAN-000025
7701,DEMO-U-WARUNG_MAKAN-000026
7702,DEMO-U-WARUNG_MAKAN-000027
7703,DEMO-U-WARUNG_MAKAN-000028
7704,DEMO-U-WARUNG_MAKAN-000029
7705,DEMO-U-WARUNG_MAKAN-000030
7706,DEMO-U-WARUNG_MAKAN-000031
7707,DEMO-U-WARUNG_MAKAN-000032
7708,DEMO-U-WARUNG_MAKAN-000033
7709,DEMO-U-WARUNG_MAKAN-000034
7710,DEMO-U-WARUNG_MAKAN-000035
7711,DEMO-U-WARUNG_MAKAN-000036
7712,DEMO-U-WARUNG_MAKAN-000037
7713,DEMO-U-WARUNG_MAKAN-000038
7714,DEMO-U-WARUNG_MAKAN-000039
7715,DEMO-U-WARUNG_MAKAN-000040
7716,DEMO-U-WARUNG_MAKAN-000041
7717,DEMO-U-WARUNG_MAKAN-000042
7718,DEMO-U-WARUNG_MAKAN-000043
7719,DEMO-U-WARUNG_MAKAN-000044
7720,DEMO-U-WARUNG_MAKAN-000045
7721,DEMO-U-WARUNG_MAKAN-000046
7722,DEMO-U-WARUNG_MAKAN-000047
7723,DEMO-U-WARUNG_MAKAN-000048
7724,DEMO-U-WARUNG_MAKAN-000049
7725,DEMO-U-WARUNG_MAKAN-000050
7726,DEMO-U-WARUNG_MAKAN-000051
7727,DEMO-U-WARUNG_MAKAN-000052
7728,DEMO-U-WARUNG_MAKAN-000053
7729,DEMO-U-WARUNG_MAKAN-000054
7730,DEMO-U-WARUNG_MAKAN-000055
7731,DEMO-U-WARUNG_MAKAN-000056
7732,DEMO-U-WARUNG_MAKAN-000057
7733,DEMO-U-WARUNG_MAKAN-000058
7734,DEMO-U-WARUNG_MAKAN-000059
7735,DEMO-U-WARUNG_MAKAN-000060
7736,DEMO-U-WARUNG_MAKAN-000061
7737,DEMO-U-WARUNG_MAKAN-000062
7738,DEMO-U-WARUNG_MAKAN-000063
7739,DEMO-U-WARUNG_MAKAN-000064
7740,DEMO-U-WARUNG_MAKAN-000065
7741,DEMO-U-WARUNG_MAKAN-000066
7742,DEMO-U-WARUNG_MAKAN-000067
7743,DEMO-U-WARUNG_MAKAN-000068
7744,DEMO-U-WARUNG_MAKAN-000069
7745,DEMO-U-WARUNG_MAKAN-000070
7746,DEMO-U-WARUNG_MAKAN-000071
7747,DEMO-U-WARUNG_MAKAN-000072
7748,DEMO-U-WARUNG_MAKAN-000073
7749,DEMO-U-WARUNG_MAKAN-000074
7750,DEMO-U-WARUNG_MAKAN-000075
7751,DEMO-U-WARUNG_MAKAN-000076
7752,DEMO-U-WARUNG_MAKAN-000077
7753,DEMO-U-WARUNG_MAKAN-000078
7754,DEMO-U-WARUNG_MAKAN-000079
7755,DEMO-U-WARUNG_MAKAN-000080
7756,DEMO-U-WARUNG_MAKAN-000081
7757,DEMO-U-WARUNG_MAKAN-000082
7758,DEMO-U-WARUNG_MAKAN-000083
7759,DEMO-U-WARUNG_MAKAN-000084
7760,DEMO-U-WARUNG_MAKAN-000085
7761,DEMO-U-WARUNG_MAKAN-000086
7762,DEMO-U-WARUNG_MAKAN-000087
7763,DEMO-U-WARUNG_MAKAN-000088
7764,DEMO-U-WARUNG_MAKAN-000089
7765,DEMO-U-WARUNG_MAKAN-000090
7766,DEMO-U-WARUNG_MAKAN-000091
7767,DEMO-U-WARUNG_MAKAN-000092
7768,DEMO-U-WARUNG_MAKAN-000093
7769,DEMO-U-WARUNG_MAKAN-000094
7770,DEMO-U-WARUNG_MAKAN-000095
7771,DEMO-U-WARUNG_MAKAN-000096
7772,DEMO-U-WARUNG_MAKAN-000097
7773,DEMO-U-WARUNG_MAKAN-000098
7774,DEMO-U-WARUNG_MAKAN-000099
7775,DEMO-U-WARUNG_MAKAN-000100
7776,DEMO-U-WARUNG_MAKAN-000101
7777,DEMO-U-WARUNG_MAKAN-000102
7778,DEMO-U-WARUNG_MAKAN-000103
7779,DEMO-U-WARUNG_MAKAN-000104
7780,DEMO-U-WARUNG_MAKAN-000105
7781,DEMO-U-WARUNG_MAKAN-000106
7782,DEMO-U-WARUNG_MAKAN-000107
7783,DEMO-U-WARUNG_MAKAN-000108
7784,DEMO-U-WARUNG_MAKAN-000109
7785,DEMO-U-WARUNG_MAKAN-000110
7786,DEMO-U-WARUNG_MAKAN-000111
7787,DEMO-U-WARUNG_MAKAN-000112
7788,DEMO-U-WARUNG_MAKAN-000113
7789,DEMO-U-WARUNG_MAKAN-000114
7790,DEMO-U-WARUNG_MAKAN-000115
7791,DEMO-U-WARUNG_MAKAN-000116
7792,DEMO-U-WARUNG_MAKAN-000117
7793,DEMO-U-WARUNG_MAKAN-000118
7794,DEMO-U-WARUNG_MAKAN-000119
7795,DEMO-U-WARUNG_MAKAN-000120
7796,DEMO-U-WARUNG_MAKAN-000121
7797,DEMO-U-WARUNG_MAKAN-000122
7798,DEMO-U-WARUNG_MAKAN-000123
7799,DEMO-U-WARUNG_MAKAN-000124
7800,DEMO-U-WARUNG_MAKAN-000125
7801,DEMO-U-WARUNG_MAKAN-000126
7802,DEMO-U-WARUNG_MAKAN-000127
7803,DEMO-U-WARUNG_MAKAN-000128
7804,DEMO-U-WARUNG_MAKAN-000129
7805,DEMO-U-WARUNG_MAKAN-000130
7806,DEMO-U-WARUNG_MAKAN-000131
7807,DEMO-U-WARUNG_MAKAN-000132
7808,DEMO-U-WARUNG_MAKAN-000133
7809,DEMO-U-WARUNG_MAKAN-000134
7810,DEMO-U-WARUNG_MAKAN-000135
7811,DEMO-U-WARUNG_MAKAN-000136
7812,DEMO-U-WARUNG_MAKAN-000137
7813,DEMO-U-WARUNG_MAKAN-000138
7814,DEMO-U-WARUNG_MAKAN-000139
7815,DEMO-U-WARUNG_MAKAN-000140
7816,DEMO-U-WARUNG_MAKAN-000141
7817,DEMO-U-WARUNG_MAKAN-000142
7818,DEMO-U-WARUNG_MAKAN-000143
7819,DEMO-U-WARUNG_MAKAN-000144
7820,DEMO-U-WARUNG_MAKAN-000145
7821,DEMO-U-WARUNG_MAKAN-000146
7822,DEMO-U-WARUNG_MAKAN-000147
7823,DEMO-U-WARUNG_MAKAN-000148
7824,DEMO-U-WARUNG_MAKAN-000149
7825,DEMO-U-WARUNG_MAKAN-000150
7826,DEMO-U-WARUNG_MAKAN-000151
7827,DEMO-U-WARUNG_MAKAN-000152
7828,DEMO-U-WARUNG_MAKAN-000153
7829,DEMO-U-WARUNG_MAKAN-000154
7830,DEMO-U-WARUNG_MAKAN-000155
7831,DEMO-U-WARUNG_MAKAN-000156
7832,DEMO-U-WARUNG_MAKAN-000157
7833,DEMO-U-WARUNG_MAKAN-000158
7834,DEMO-U-WARUNG_MAKAN-000159
7835,DEMO-U-WARUNG_MAKAN-000160
7836,DEMO-U-WARUNG_MAKAN-000161
7837,DEMO-U-WARUNG_MAKAN-000162
7838,DEMO-U-WARUNG_MAKAN-000163
7839,DEMO-U-WARUNG_MAKAN-000164
7840,DEMO-U-WARUNG_MAKAN-000165
7841,DEMO-U-WARUNG_MAKAN-000166
7842,DEMO-U-WARUNG_MAKAN-000167
7843,DEMO-U-WARUNG_MAKAN-000168
7844,DEMO-U-WARUNG_MAKAN-000169
7845,DEMO-U-WARUNG_MAKAN-000170
7846,DEMO-U-WARUNG_MAKAN-000171
7847,DEMO-U-WARUNG_MAKAN-000172
7848,DEMO-U-WARUNG_MAKAN-000173
7849,DEMO-U-WARUNG_MAKAN-000174
7850,DEMO-U-WARUNG_MAKAN-000175
7851,DEMO-U-WARUNG_MAKAN-000176
7852,DEMO-U-WARUNG_MAKAN-000177
7853,DEMO-U-WARUNG_MAKAN-000178
7854,DEMO-U-WARUNG_MAKAN-000179
7855,DEMO-U-WARUNG_MAKAN-000180
7856,DEMO-U-WARUNG_MAKAN-000181
7857,DEMO-U-WARUNG_MAKAN-000182
7858,DEMO-U-WARUNG_MAKAN-000183
7859,DEMO-U-WARUNG_MAKAN-000184
7860,DEMO-U-WARUNG_MAKAN-000185
7861,DEMO-U-WARUNG_MAKAN-000186
7862,DEMO-U-WARUNG_MAKAN-000187
7863,DEMO-U-WARUNG_MAKAN-000188
7864,DEMO-U-WARUNG_MAKAN-000189
7865,DEMO-U-WARUNG_MAKAN-000190
7866,DEMO-U-WARUNG_MAKAN-000191
7867,DEMO-U-WARUNG_MAKAN-000192
7868,DEMO-U-WARUNG_MAKAN-000193
7869,DEMO-U-WARUNG_MAKAN-000194
7870,DEMO-U-WARUNG_MAKAN-000195
7871,DEMO-U-WARUNG_MAKAN-000196
7872,DEMO-U-WARUNG_MAKAN-000197
7873,DEMO-U-WARUNG_MAKAN-000198
7874,DEMO-U-WARUNG_MAKAN-000199
7875,DEMO-U-WARUNG_MAKAN-000200
7876,DEMO-U-WARUNG_MAKAN-000201
7877,DEMO-U-WARUNG_MAKAN-000202
7878,DEMO-U-WARUNG_MAKAN-000203
7879,DEMO-U-WARUNG_MAKAN-000204
7880,DEMO-U-WARUNG_MAKAN-000205
7881,DEMO-U-WARUNG_MAKAN-000206
7882,DEMO-U-WARUNG_MAKAN-000207
7883,DEMO-U-WARUNG_MAKAN-000208
7884,DEMO-U-WARUNG_MAKAN-000209
7885,DEMO-U-WARUNG_MAKAN-000210
7886,DEMO-U-WARUNG_MAKAN-000211
7887,DEMO-U-WARUNG_MAKAN-000212
7888,DEMO-U-WARUNG_MAKAN-000213
7889,DEMO-U-WARUNG_MAKAN-000214
7890,DEMO-U-WARUNG_MAKAN-000215
7891,DEMO-U-WARUNG_MAKAN-000216
7892,DEMO-U-WARUNG_MAKAN-000217
7893,DEMO-U-WARUNG_MAKAN-000218
7894,DEMO-U-WARUNG_MAKAN-000219
7895,DEMO-U-WARUNG_MAKAN-000220
7896,DEMO-U-WARUNG_MAKAN-000221
7897,DEMO-U-WARUNG_MAKAN-000222
7898,DEMO-U-WARUNG_MAKAN-000223
7899,DEMO-U-WARUNG_MAKAN-000224
7900,DEMO-U-WARUNG_MAKAN-000225
7901,DEMO-U-WARUNG_MAKAN-000226
7902,DEMO-U-WARUNG_MAKAN-000227
7903,DEMO-U-WARUNG_MAKAN-000228
7904,DEMO-U-WARUNG_MAKAN-000229
7905,DEMO-U-WARUNG_MAKAN-000230
7906,DEMO-U-WARUNG_MAKAN-000231
7907,DEMO-U-WARUNG_MAKAN-000232
7908,DEMO-U-WARUNG_MAKAN-000233
7909,DEMO-U-WARUNG_MAKAN-000234
7910,DEMO-U-WARUNG_MAKAN-000235
7911,DEMO-U-WARUNG_MAKAN-000236
7912,DEMO-U-WARUNG_MAKAN-000237
7913,DEMO-U-WARUNG_MAKAN-000238
7914,DEMO-U-WARUNG_MAKAN-000239
7915,DEMO-U-WARUNG_MAKAN-000240
7916,DEMO-U-WARUNG_MAKAN-000241
7917,DEMO-U-WARUNG_MAKAN-000242
7918,DEMO-U-WARUNG_MAKAN-000243
7919,DEMO-U-WARUNG_MAKAN-000244
7920,DEMO-U-WARUNG_MAKAN-000245
7921,DEMO-U-WARUNG_MAKAN-000246
7922,DEMO-U-WARUNG_MAKAN-000247
7923,DEMO-U-WARUNG_MAKAN-000248
7924,DEMO-U-WARUNG_MAKAN-000249
7925,DEMO-U-WARUNG_MAKAN-000250
7926,DEMO-U-KEDAI_MINUMAN-000001
7927,DEMO-U-KEDAI_MINUMAN-000002
7928,DEMO-U-KEDAI_MINUMAN-000003
7929,DEMO-U-KEDAI_MINUMAN-000004
7930,DEMO-U-KEDAI_MINUMAN-000005
7931,DEMO-U-KEDAI_MINUMAN-000006
7932,DEMO-U-KEDAI_MINUMAN-000007
7933,DEMO-U-KEDAI_MINUMAN-000008
7934,DEMO-U-KEDAI_MINUMAN-000009
7935,DEMO-U-KEDAI_MINUMAN-000010
7936,DEMO-U-KEDAI_MINUMAN-000011
7937,DEMO-U-KEDAI_MINUMAN-000012
7938,DEMO-U-KEDAI_MINUMAN-000013
7939,DEMO-U-KEDAI_MINUMAN-000014
7940,DEMO-U-KEDAI_MINUMAN-000015
7941,DEMO-U-KEDAI_MINUMAN-000016
7942,DEMO-U-KEDAI_MINUMAN-000017
7943,DEMO-U-KEDAI_MINUMAN-000018
7944,DEMO-U-KEDAI_MINUMAN-000019
7945,DEMO-U-KEDAI_MINUMAN-000020
7946,DEMO-U-KEDAI_MINUMAN-000021
7947,DEMO-U-KEDAI_MINUMAN-000022
7948,DEMO-U-KEDAI_MINUMAN-000023
7949,DEMO-U-KEDAI_MINUMAN-000024
7950,DEMO-U-KEDAI_MINUMAN-000025
7951,DEMO-U-KEDAI_MINUMAN-000026
7952,DEMO-U-KEDAI_MINUMAN-000027
7953,DEMO-U-KEDAI_MINUMAN-000028
7954,DEMO-U-KEDAI_MINUMAN-000029
7955,DEMO-U-KEDAI_MINUMAN-000030
7956,DEMO-U-KEDAI_MINUMAN-000031
7957,DEMO-U-KEDAI_MINUMAN-000032
7958,DEMO-U-KEDAI_MINUMAN-000033
7959,DEMO-U-KEDAI_MINUMAN-000034
7960,DEMO-U-KEDAI_MINUMAN-000035
7961,DEMO-U-KEDAI_MINUMAN-000036
7962,DEMO-U-KEDAI_MINUMAN-000037
7963,DEMO-U-KEDAI_MINUMAN-000038
7964,DEMO-U-KEDAI_MINUMAN-000039
7965,DEMO-U-KEDAI_MINUMAN-000040
7966,DEMO-U-KEDAI_MINUMAN-000041
7967,DEMO-U-KEDAI_MINUMAN-000042
7968,DEMO-U-KEDAI_MINUMAN-000043
7969,DEMO-U-KEDAI_MINUMAN-000044
7970,DEMO-U-KEDAI_MINUMAN-000045
7971,DEMO-U-KEDAI_MINUMAN-000046
7972,DEMO-U-KEDAI_MINUMAN-000047
7973,DEMO-U-KEDAI_MINUMAN-000048
7974,DEMO-U-KEDAI_MINUMAN-000049
7975,DEMO-U-KEDAI_MINUMAN-000050
7976,DEMO-U-KEDAI_MINUMAN-000051
7977,DEMO-U-KEDAI_MINUMAN-000052
7978,DEMO-U-KEDAI_MINUMAN-000053
7979,DEMO-U-KEDAI_MINUMAN-000054
7980,DEMO-U-KEDAI_MINUMAN-000055
7981,DEMO-U-KEDAI_MINUMAN-000056
7982,DEMO-U-KEDAI_MINUMAN-000057
7983,DEMO-U-KEDAI_MINUMAN-000058
7984,DEMO-U-KEDAI_MINUMAN-000059
7985,DEMO-U-KEDAI_MINUMAN-000060
7986,DEMO-U-KEDAI_MINUMAN-000061
7987,DEMO-U-KEDAI_MINUMAN-000062
7988,DEMO-U-KEDAI_MINUMAN-000063
7989,DEMO-U-KEDAI_MINUMAN-000064
7990,DEMO-U-KEDAI_MINUMAN-000065
7991,DEMO-U-KEDAI_MINUMAN-000066
7992,DEMO-U-KEDAI_MINUMAN-000067
7993,DEMO-U-KEDAI_MINUMAN-000068
7994,DEMO-U-KEDAI_MINUMAN-000069
7995,DEMO-U-KEDAI_MINUMAN-000070
7996,DEMO-U-KEDAI_MINUMAN-000071
7997,DEMO-U-KEDAI_MINUMAN-000072
7998,DEMO-U-KEDAI_MINUMAN-000073
7999,DEMO-U-KEDAI_MINUMAN-000074
8000,DEMO-U-KEDAI_MINUMAN-000075
8001,DEMO-U-KEDAI_MINUMAN-000076
8002,DEMO-U-KEDAI_MINUMAN-000077
8003,DEMO-U-KEDAI_MINUMAN-000078
8004,DEMO-U-KEDAI_MINUMAN-000079
8005,DEMO-U-KEDAI_MINUMAN-000080
8006,DEMO-U-KEDAI_MINUMAN-000081
8007,DEMO-U-KEDAI_MINUMAN-000082
8008,DEMO-U-KEDAI_MINUMAN-000083
8009,DEMO-U-KEDAI_MINUMAN-000084
8010,DEMO-U-KEDAI_MINUMAN-000085
8011,DEMO-U-KEDAI_MINUMAN-000086
8012,DEMO-U-KEDAI_MINUMAN-000087
8013,DEMO-U-KEDAI_MINUMAN-000088
8014,DEMO-U-KEDAI_MINUMAN-000089
8015,DEMO-U-KEDAI_MINUMAN-000090
8016,DEMO-U-KEDAI_MINUMAN-000091
8017,DEMO-U-KEDAI_MINUMAN-000092
8018,DEMO-U-KEDAI_MINUMAN-000093
8019,DEMO-U-KEDAI_MINUMAN-000094
8020,DEMO-U-KEDAI_MINUMAN-000095
8021,DEMO-U-KEDAI_MINUMAN-000096
8022,DEMO-U-KEDAI_MINUMAN-000097
8023,DEMO-U-KEDAI_MINUMAN-000098
8024,DEMO-U-KEDAI_MINUMAN-000099
8025,DEMO-U-KEDAI_MINUMAN-000100
8026,DEMO-U-KEDAI_MINUMAN-000101
8027,DEMO-U-KEDAI_MINUMAN-000102
8028,DEMO-U-KEDAI_MINUMAN-000103
8029,DEMO-U-KEDAI_MINUMAN-000104
8030,DEMO-U-KEDAI_MINUMAN-000105
8031,DEMO-U-KEDAI_MINUMAN-000106
8032,DEMO-U-KEDAI_MINUMAN-000107
8033,DEMO-U-KEDAI_MINUMAN-000108
8034,DEMO-U-KEDAI_MINUMAN-000109
8035,DEMO-U-KEDAI_MINUMAN-000110
8036,DEMO-U-KEDAI_MINUMAN-000111
8037,DEMO-U-KEDAI_MINUMAN-000112
8038,DEMO-U-KEDAI_MINUMAN-000113
8039,DEMO-U-KEDAI_MINUMAN-000114
8040,DEMO-U-KEDAI_MINUMAN-000115
8041,DEMO-U-KEDAI_MINUMAN-000116
8042,DEMO-U-KEDAI_MINUMAN-000117
8043,DEMO-U-KEDAI_MINUMAN-000118
8044,DEMO-U-KEDAI_MINUMAN-000119
8045,DEMO-U-KEDAI_MINUMAN-000120
8046,DEMO-U-KEDAI_MINUMAN-000121
8047,DEMO-U-KEDAI_MINUMAN-000122
8048,DEMO-U-KEDAI_MINUMAN-000123
8049,DEMO-U-KEDAI_MINUMAN-000124
8050,DEMO-U-KEDAI_MINUMAN-000125
8051,DEMO-U-KEDAI_MINUMAN-000126
8052,DEMO-U-KEDAI_MINUMAN-000127
8053,DEMO-U-KEDAI_MINUMAN-000128
8054,DEMO-U-KEDAI_MINUMAN-000129
8055,DEMO-U-KEDAI_MINUMAN-000130
8056,DEMO-U-KEDAI_MINUMAN-000131
8057,DEMO-U-KEDAI_MINUMAN-000132
8058,DEMO-U-KEDAI_MINUMAN-000133
8059,DEMO-U-KEDAI_MINUMAN-000134
8060,DEMO-U-KEDAI_MINUMAN-000135
8061,DEMO-U-KEDAI_MINUMAN-000136
8062,DEMO-U-KEDAI_MINUMAN-000137
8063,DEMO-U-KEDAI_MINUMAN-000138
8064,DEMO-U-KEDAI_MINUMAN-000139
8065,DEMO-U-KEDAI_MINUMAN-000140
8066,DEMO-U-KEDAI_MINUMAN-000141
8067,DEMO-U-KEDAI_MINUMAN-000142
8068,DEMO-U-KEDAI_MINUMAN-000143
8069,DEMO-U-KEDAI_MINUMAN-000144
8070,DEMO-U-KEDAI_MINUMAN-000145
8071,DEMO-U-KEDAI_MINUMAN-000146
8072,DEMO-U-KEDAI_MINUMAN-000147
8073,DEMO-U-KEDAI_MINUMAN-000148
8074,DEMO-U-KEDAI_MINUMAN-000149
8075,DEMO-U-KEDAI_MINUMAN-000150
8076,DEMO-U-KEDAI_MINUMAN-000151
8077,DEMO-U-KEDAI_MINUMAN-000152
8078,DEMO-U-KEDAI_MINUMAN-000153
8079,DEMO-U-KEDAI_MINUMAN-000154
8080,DEMO-U-KEDAI_MINUMAN-000155
8081,DEMO-U-KEDAI_MINUMAN-000156
8082,DEMO-U-KEDAI_MINUMAN-000157
8083,DEMO-U-KEDAI_MINUMAN-000158
8084,DEMO-U-KEDAI_MINUMAN-000159
8085,DEMO-U-KEDAI_MINUMAN-000160
8086,DEMO-U-KEDAI_MINUMAN-000161
8087,DEMO-U-KEDAI_MINUMAN-000162
8088,DEMO-U-KEDAI_MINUMAN-000163
8089,DEMO-U-KEDAI_MINUMAN-000164
8090,DEMO-U-KEDAI_MINUMAN-000165
8091,DEMO-U-KEDAI_MINUMAN-000166
8092,DEMO-U-KEDAI_MINUMAN-000167
8093,DEMO-U-KEDAI_MINUMAN-000168
8094,DEMO-U-KEDAI_MINUMAN-000169
8095,DEMO-U-KEDAI_MINUMAN-000170
8096,DEMO-U-KEDAI_MINUMAN-000171
8097,DEMO-U-KEDAI_MINUMAN-000172
8098,DEMO-U-KEDAI_MINUMAN-000173
8099,DEMO-U-KEDAI_MINUMAN-000174
8100,DEMO-U-KEDAI_MINUMAN-000175
8101,DEMO-U-KEDAI_MINUMAN-000176
8102,DEMO-U-KEDAI_MINUMAN-000177
8103,DEMO-U-KEDAI_MINUMAN-000178
8104,DEMO-U-KEDAI_MINUMAN-000179
8105,DEMO-U-KEDAI_MINUMAN-000180
8106,DEMO-U-KEDAI_MINUMAN-000181
8107,DEMO-U-KEDAI_MINUMAN-000182
8108,DEMO-U-KEDAI_MINUMAN-000183
8109,DEMO-U-KEDAI_MINUMAN-000184
8110,DEMO-U-KEDAI_MINUMAN-000185
8111,DEMO-U-KEDAI_MINUMAN-000186
8112,DEMO-U-KEDAI_MINUMAN-000187
8113,DEMO-U-KEDAI_MINUMAN-000188
8114,DEMO-U-KEDAI_MINUMAN-000189
8115,DEMO-U-KEDAI_MINUMAN-000190
8116,DEMO-U-KEDAI_MINUMAN-000191
8117,DEMO-U-KEDAI_MINUMAN-000192
8118,DEMO-U-KEDAI_MINUMAN-000193
8119,DEMO-U-KEDAI_MINUMAN-000194
8120,DEMO-U-KEDAI_MINUMAN-000195
8121,DEMO-U-KEDAI_MINUMAN-000196
8122,DEMO-U-KEDAI_MINUMAN-000197
8123,DEMO-U-KEDAI_MINUMAN-000198
8124,DEMO-U-KEDAI_MINUMAN-000199
8125,DEMO-U-KEDAI_MINUMAN-000200
8126,DEMO-U-KEDAI_MINUMAN-000201
8127,DEMO-U-KEDAI_MINUMAN-000202
8128,DEMO-U-KEDAI_MINUMAN-000203
8129,DEMO-U-KEDAI_MINUMAN-000204
8130,DEMO-U-KEDAI_MINUMAN-000205
8131,DEMO-U-KEDAI_MINUMAN-000206
8132,DEMO-U-KEDAI_MINUMAN-000207
8133,DEMO-U-KEDAI_MINUMAN-000208
8134,DEMO-U-KEDAI_MINUMAN-000209
8135,DEMO-U-KEDAI_MINUMAN-000210
8136,DEMO-U-KEDAI_MINUMAN-000211
8137,DEMO-U-KEDAI_MINUMAN-000212
8138,DEMO-U-KEDAI_MINUMAN-000213
8139,DEMO-U-KEDAI_MINUMAN-000214
8140,DEMO-U-KEDAI_MINUMAN-000215
8141,DEMO-U-KEDAI_MINUMAN-000216
8142,DEMO-U-KEDAI_MINUMAN-000217
8143,DEMO-U-KEDAI_MINUMAN-000218
8144,DEMO-U-KEDAI_MINUMAN-000219
8145,DEMO-U-KEDAI_MINUMAN-000220
8146,DEMO-U-KEDAI_MINUMAN-000221
8147,DEMO-U-KEDAI_MINUMAN-000222
8148,DEMO-U-KEDAI_MINUMAN-000223
8149,DEMO-U-KEDAI_MINUMAN-000224
8150,DEMO-U-KEDAI_MINUMAN-000225
8151,DEMO-U-KEDAI_MINUMAN-000226
8152,DEMO-U-KEDAI_MINUMAN-000227
8153,DEMO-U-KEDAI_MINUMAN-000228
8154,DEMO-U-KEDAI_MINUMAN-000229
8155,DEMO-U-KEDAI_MINUMAN-000230
8156,DEMO-U-KEDAI_MINUMAN-000231
8157,DEMO-U-KEDAI_MINUMAN-000232
8158,DEMO-U-KEDAI_MINUMAN-000233
8159,DEMO-U-KEDAI_MINUMAN-000234
8160,DEMO-U-KEDAI_MINUMAN-000235
8161,DEMO-U-KEDAI_MINUMAN-000236
8162,DEMO-U-KEDAI_MINUMAN-000237
8163,DEMO-U-KEDAI_MINUMAN-000238
8164,DEMO-U-KEDAI_MINUMAN-000239
8165,DEMO-U-KEDAI_MINUMAN-000240
8166,DEMO-U-KEDAI_MINUMAN-000241
8167,DEMO-U-KEDAI_MINUMAN-000242
8168,DEMO-U-KEDAI_MINUMAN-000243
8169,DEMO-U-KEDAI_MINUMAN-000244
8170,DEMO-U-KEDAI_MINUMAN-000245
8171,DEMO-U-KEDAI_MINUMAN-000246
8172,DEMO-U-KEDAI_MINUMAN-000247
8173,DEMO-U-KEDAI_MINUMAN-000248
8174,DEMO-U-KEDAI_MINUMAN-000249
8175,DEMO-U-KEDAI_MINUMAN-000250
8176,_
8177,DEMO-U-LAUNDRY-000001
8178,DEMO-U-LAUNDRY-000002
8179,DEMO-U-LAUNDRY-000003
8180,DEMO-U-LAUNDRY-000004
8181,DEMO-U-LAUNDRY-000005
8182,DEMO-U-LAUNDRY-000006
8183,DEMO-U-LAUNDRY-000007
8184,DEMO-U-LAUNDRY-000008
8185,DEMO-U-LAUNDRY-000009
8186,DEMO-U-LAUNDRY-000010
8187,DEMO-U-LAUNDRY-000011
8188,DEMO-U-LAUNDRY-000012
8189,DEMO-U-LAUNDRY-000013
8190,DEMO-U-LAUNDRY-000014
8191,DEMO-U-LAUNDRY-000015
8192,DEMO-U-LAUNDRY-000016
8193,DEMO-U-LAUNDRY-000017
8194,DEMO-U-LAUNDRY-000018
8195,DEMO-U-LAUNDRY-000019
8196,DEMO-U-LAUNDRY-000020
8197,DEMO-U-LAUNDRY-000021
8198,DEMO-U-LAUNDRY-000022
8199,DEMO-U-LAUNDRY-000023
8200,DEMO-U-LAUNDRY-000024
8201,DEMO-U-LAUNDRY-000025
8202,DEMO-U-LAUNDRY-000026
8203,DEMO-U-LAUNDRY-000027
8204,DEMO-U-LAUNDRY-000028
8205,DEMO-U-LAUNDRY-000029
8206,DEMO-U-LAUNDRY-000030
8207,DEMO-U-LAUNDRY-000031
8208,DEMO-U-LAUNDRY-000032
8209,DEMO-U-LAUNDRY-000033
8210,DEMO-U-LAUNDRY-000034
8211,DEMO-U-LAUNDRY-000035
8212,DEMO-U-LAUNDRY-000036
8213,DEMO-U-LAUNDRY-000037
8214,DEMO-U-LAUNDRY-000038
8215,DEMO-U-LAUNDRY-000039
8216,DEMO-U-LAUNDRY-000040
8217,DEMO-U-LAUNDRY-000041
8218,DEMO-U-LAUNDRY-000042
8219,DEMO-U-LAUNDRY-000043
8220,DEMO-U-LAUNDRY-000044
8221,DEMO-U-LAUNDRY-000045
8222,DEMO-U-LAUNDRY-000046
8223,DEMO-U-LAUNDRY-000047
8224,DEMO-U-LAUNDRY-000048
8225,DEMO-U-LAUNDRY-000049
8226,DEMO-U-LAUNDRY-000050
8227,DEMO-U-LAUNDRY-000051
8228,DEMO-U-LAUNDRY-000052
8229,DEMO-U-LAUNDRY-000053
8230,DEMO-U-LAUNDRY-000054
8231,DEMO-U-LAUNDRY-000055
8232,DEMO-U-LAUNDRY-000056
8233,DEMO-U-LAUNDRY-000057
8234,DEMO-U-LAUNDRY-000058
8235,DEMO-U-LAUNDRY-000059
8236,DEMO-U-LAUNDRY-000060
8237,DEMO-U-LAUNDRY-000061
8238,DEMO-U-LAUNDRY-000062
8239,DEMO-U-LAUNDRY-000063
8240,DEMO-U-LAUNDRY-000064
8241,DEMO-U-LAUNDRY-000065
8242,DEMO-U-LAUNDRY-000066
8243,DEMO-U-LAUNDRY-000067
8244,DEMO-U-LAUNDRY-000068
8245,DEMO-U-LAUNDRY-000069
8246,DEMO-U-LAUNDRY-000070
8247,DEMO-U-LAUNDRY-000071
8248,DEMO-U-LAUNDRY-000072
8249,DEMO-U-LAUNDRY-000073
8250,DEMO-U-LAUNDRY-000074
8251,DEMO-U-LAUNDRY-000075
8252,DEMO-U-LAUNDRY-000076
8253,DEMO-U-LAUNDRY-000077
8254,DEMO-U-LAUNDRY-000078
8255,DEMO-U-LAUNDRY-000079
8256,DEMO-U-LAUNDRY-000080
8257,DEMO-U-LAUNDRY-000081
8258,DEMO-U-LAUNDRY-000082
8259,DEMO-U-LAUNDRY-000083
8260,DEMO-U-LAUNDRY-000084
8261,DEMO-U-LAUNDRY-000085
8262,DEMO-U-LAUNDRY-000086
8263,DEMO-U-LAUNDRY-000087
8264,DEMO-U-LAUNDRY-000088
8265,DEMO-U-LAUNDRY-000089
8266,DEMO-U-LAUNDRY-000090
8267,DEMO-U-LAUNDRY-000091
8268,DEMO-U-LAUNDRY-000092
8269,DEMO-U-LAUNDRY-000093
8270,DEMO-U-LAUNDRY-000094
8271,DEMO-U-LAUNDRY-000095
8272,DEMO-U-LAUNDRY-000096
8273,DEMO-U-LAUNDRY-000097
8274,DEMO-U-LAUNDRY-000098
8275,DEMO-U-LAUNDRY-000099
8276,DEMO-U-LAUNDRY-000100
8277,DEMO-U-LAUNDRY-000101
8278,DEMO-U-LAUNDRY-000102
8279,DEMO-U-LAUNDRY-000103
8280,DEMO-U-LAUNDRY-000104
8281,DEMO-U-LAUNDRY-000105
8282,DEMO-U-LAUNDRY-000106
8283,DEMO-U-LAUNDRY-000107
8284,DEMO-U-LAUNDRY-000108
8285,DEMO-U-LAUNDRY-000109
8286,DEMO-U-LAUNDRY-000110
8287,DEMO-U-LAUNDRY-000111
8288,DEMO-U-LAUNDRY-000112
8289,DEMO-U-LAUNDRY-000113
8290,DEMO-U-LAUNDRY-000114
8291,DEMO-U-LAUNDRY-000115
8292,DEMO-U-LAUNDRY-000116
8293,DEMO-U-LAUNDRY-000117
8294,DEMO-U-LAUNDRY-000118
8295,DEMO-U-LAUNDRY-000119
8296,DEMO-U-LAUNDRY-000120
8297,DEMO-U-LAUNDRY-000121
8298,DEMO-U-LAUNDRY-000122
8299,DEMO-U-LAUNDRY-000123
8300,DEMO-U-LAUNDRY-000124
8301,DEMO-U-LAUNDRY-000125
8302,DEMO-U-LAUNDRY-000126
8303,DEMO-U-LAUNDRY-000127
8304,DEMO-U-LAUNDRY-000128
8305,DEMO-U-LAUNDRY-000129
8306,DEMO-U-LAUNDRY-000130
8307,DEMO-U-LAUNDRY-000131
8308,DEMO-U-LAUNDRY-000132
8309,DEMO-U-LAUNDRY-000133
8310,DEMO-U-LAUNDRY-000134
8311,DEMO-U-LAUNDRY-000135
8312,DEMO-U-LAUNDRY-000136
8313,DEMO-U-LAUNDRY-000137
8314,DEMO-U-LAUNDRY-000138
8315,DEMO-U-LAUNDRY-000139
8316,DEMO-U-LAUNDRY-000140
8317,DEMO-U-LAUNDRY-000141
8318,DEMO-U-LAUNDRY-000142
8319,DEMO-U-LAUNDRY-000143
8320,DEMO-U-LAUNDRY-000144
8321,DEMO-U-LAUNDRY-000145
8322,DEMO-U-LAUNDRY-000146
8323,DEMO-U-LAUNDRY-000147
8324,DEMO-U-LAUNDRY-000148
8325,DEMO-U-LAUNDRY-000149
8326,DEMO-U-LAUNDRY-000150
8327,DEMO-U-LAUNDRY-000151
8328,DEMO-U-LAUNDRY-000152
8329,DEMO-U-LAUNDRY-000153
8330,DEMO-U-LAUNDRY-000154
8331,DEMO-U-LAUNDRY-000155
8332,DEMO-U-LAUNDRY-000156
8333,DEMO-U-LAUNDRY-000157
8334,DEMO-U-LAUNDRY-000158
8335,DEMO-U-LAUNDRY-000159
8336,DEMO-U-LAUNDRY-000160
8337,DEMO-U-LAUNDRY-000161
8338,DEMO-U-LAUNDRY-000162
8339,DEMO-U-LAUNDRY-000163
8340,DEMO-U-LAUNDRY-000164
8341,DEMO-U-LAUNDRY-000165
8342,DEMO-U-LAUNDRY-000166
8343,DEMO-U-LAUNDRY-000167
8344,DEMO-U-LAUNDRY-000168
8345,DEMO-U-LAUNDRY-000169
8346,DEMO-U-LAUNDRY-000170
8347,DEMO-U-LAUNDRY-000171
8348,DEMO-U-LAUNDRY-000172
8349,DEMO-U-LAUNDRY-000173
8350,DEMO-U-LAUNDRY-000174
8351,DEMO-U-LAUNDRY-000175
8352,DEMO-U-LAUNDRY-000176
8353,DEMO-U-LAUNDRY-000177
8354,DEMO-U-LAUNDRY-000178
8355,DEMO-U-LAUNDRY-000179
8356,DEMO-U-LAUNDRY-000180
8357,DEMO-U-LAUNDRY-000181
8358,DEMO-U-LAUNDRY-000182
8359,DEMO-U-LAUNDRY-000183
8360,DEMO-U-LAUNDRY-000184
8361,DEMO-U-LAUNDRY-000185
8362,DEMO-U-LAUNDRY-000186
8363,DEMO-U-LAUNDRY-000187
8364,DEMO-U-LAUNDRY-000188
8365,DEMO-U-LAUNDRY-000189
8366,DEMO-U-LAUNDRY-000190
8367,DEMO-U-LAUNDRY-000191
8368,DEMO-U-LAUNDRY-000192
8369,DEMO-U-LAUNDRY-000193
8370,DEMO-U-LAUNDRY-000194
8371,DEMO-U-LAUNDRY-000195
8372,DEMO-U-LAUNDRY-000196
8373,DEMO-U-LAUNDRY-000197
8374,DEMO-U-LAUNDRY-000198
8375,DEMO-U-LAUNDRY-000199
8376,DEMO-U-LAUNDRY-000200
8377,DEMO-U-LAUNDRY-000201
8378,DEMO-U-LAUNDRY-000202
8379,DEMO-U-LAUNDRY-000203
8380,DEMO-U-LAUNDRY-000204
8381,DEMO-U-LAUNDRY-000205
8382,DEMO-U-LAUNDRY-000206
8383,DEMO-U-LAUNDRY-000207
8384,DEMO-U-LAUNDRY-000208
8385,DEMO-U-LAUNDRY-000209
8386,DEMO-U-LAUNDRY-000210
8387,DEMO-U-LAUNDRY-000211
8388,DEMO-U-LAUNDRY-000212
8389,DEMO-U-LAUNDRY-000213
8390,DEMO-U-LAUNDRY-000214
8391,DEMO-U-LAUNDRY-000215
8392,DEMO-U-LAUNDRY-000216
8393,DEMO-U-LAUNDRY-000217
8394,DEMO-U-LAUNDRY-000218
8395,DEMO-U-LAUNDRY-000219
8396,DEMO-U-LAUNDRY-000220
8397,DEMO-U-LAUNDRY-000221
8398,DEMO-U-LAUNDRY-000222
8399,DEMO-U-LAUNDRY-000223
8400,DEMO-U-LAUNDRY-000224
8401,DEMO-U-LAUNDRY-000225
8402,DEMO-U-LAUNDRY-000226
8403,DEMO-U-LAUNDRY-000227
8404,DEMO-U-LAUNDRY-000228
8405,DEMO-U-LAUNDRY-000229
8406,DEMO-U-LAUNDRY-000230
8407,DEMO-U-LAUNDRY-000231
8408,DEMO-U-LAUNDRY-000232
8409,DEMO-U-LAUNDRY-000233
8410,DEMO-U-LAUNDRY-000234
8411,DEMO-U-LAUNDRY-000235
8412,DEMO-U-LAUNDRY-000236
8413,DEMO-U-LAUNDRY-000237
8414,DEMO-U-LAUNDRY-000238
8415,DEMO-U-LAUNDRY-000239
8416,DEMO-U-LAUNDRY-000240
8417,DEMO-U-LAUNDRY-000241
8418,DEMO-U-LAUNDRY-000242
8419,DEMO-U-LAUNDRY-000243
8420,DEMO-U-LAUNDRY-000244
8421,DEMO-U-LAUNDRY-000245
8422,DEMO-U-LAUNDRY-000246
8423,DEMO-U-LAUNDRY-000247
8424,DEMO-U-LAUNDRY-000248
8425,DEMO-U-LAUNDRY-000249
8426,DEMO-U-LAUNDRY-000250
8427,DEMO-U-ANGKRINGAN-000001
8428,DEMO-U-ANGKRINGAN-000002
8429,DEMO-U-ANGKRINGAN-000003
8430,DEMO-U-ANGKRINGAN-000004
8431,DEMO-U-ANGKRINGAN-000005
8432,DEMO-U-ANGKRINGAN-000006
8433,DEMO-U-ANGKRINGAN-000007
8434,DEMO-U-ANGKRINGAN-000008
8435,DEMO-U-ANGKRINGAN-000009
8436,DEMO-U-ANGKRINGAN-000010
8437,DEMO-U-ANGKRINGAN-000011
8438,DEMO-U-ANGKRINGAN-000012
8439,DEMO-U-ANGKRINGAN-000013
8440,DEMO-U-ANGKRINGAN-000014
8441,DEMO-U-ANGKRINGAN-000015
8442,DEMO-U-ANGKRINGAN-000016
8443,DEMO-U-ANGKRINGAN-000017
8444,DEMO-U-ANGKRINGAN-000018
8445,DEMO-U-ANGKRINGAN-000019
8446,DEMO-U-ANGKRINGAN-000020
8447,DEMO-U-ANGKRINGAN-000021
8448,DEMO-U-ANGKRINGAN-000022
8449,DEMO-U-ANGKRINGAN-000023
8450,DEMO-U-ANGKRINGAN-000024
8451,DEMO-U-ANGKRINGAN-000025
8452,DEMO-U-ANGKRINGAN-000026
8453,DEMO-U-ANGKRINGAN-000027
8454,DEMO-U-ANGKRINGAN-000028
8455,DEMO-U-ANGKRINGAN-000029
8456,DEMO-U-ANGKRINGAN-000030
8457,DEMO-U-ANGKRINGAN-000031
8458,DEMO-U-ANGKRINGAN-000032
8459,DEMO-U-ANGKRINGAN-000033
8460,DEMO-U-ANGKRINGAN-000034
8461,DEMO-U-ANGKRINGAN-000035
8462,DEMO-U-ANGKRINGAN-000036
8463,DEMO-U-ANGKRINGAN-000037
8464,DEMO-U-ANGKRINGAN-000038
8465,DEMO-U-ANGKRINGAN-000039
8466,DEMO-U-ANGKRINGAN-000040
8467,DEMO-U-ANGKRINGAN-000041
8468,DEMO-U-ANGKRINGAN-000042
8469,DEMO-U-ANGKRINGAN-000043
8470,DEMO-U-ANGKRINGAN-000044
8471,DEMO-U-ANGKRINGAN-000045
8472,DEMO-U-ANGKRINGAN-000046
8473,DEMO-U-ANGKRINGAN-000047
8474,DEMO-U-ANGKRINGAN-000048
8475,DEMO-U-ANGKRINGAN-000049
8476,DEMO-U-ANGKRINGAN-000050
8477,DEMO-U-ANGKRINGAN-000051
8478,DEMO-U-ANGKRINGAN-000052
8479,DEMO-U-ANGKRINGAN-000053
8480,DEMO-U-ANGKRINGAN-000054
8481,DEMO-U-ANGKRINGAN-000055
8482,DEMO-U-ANGKRINGAN-000056
8483,DEMO-U-ANGKRINGAN-000057
8484,DEMO-U-ANGKRINGAN-000058
8485,DEMO-U-ANGKRINGAN-000059
8486,DEMO-U-ANGKRINGAN-000060
8487,DEMO-U-ANGKRINGAN-000061
8488,DEMO-U-ANGKRINGAN-000062
8489,DEMO-U-ANGKRINGAN-000063
8490,DEMO-U-ANGKRINGAN-000064
8491,DEMO-U-ANGKRINGAN-000065
8492,DEMO-U-ANGKRINGAN-000066
8493,DEMO-U-ANGKRINGAN-000067
8494,DEMO-U-ANGKRINGAN-000068
8495,DEMO-U-ANGKRINGAN-000069
8496,DEMO-U-ANGKRINGAN-000070
8497,DEMO-U-ANGKRINGAN-000071
8498,DEMO-U-ANGKRINGAN-000072
8499,DEMO-U-ANGKRINGAN-000073
8500,DEMO-U-ANGKRINGAN-000074
8501,DEMO-U-ANGKRINGAN-000075
8502,DEMO-U-ANGKRINGAN-000076
8503,DEMO-U-ANGKRINGAN-000077
8504,DEMO-U-ANGKRINGAN-000078
8505,DEMO-U-ANGKRINGAN-000079
8506,DEMO-U-ANGKRINGAN-000080
8507,DEMO-U-ANGKRINGAN-000081
8508,DEMO-U-ANGKRINGAN-000082
8509,DEMO-U-ANGKRINGAN-000083
8510,DEMO-U-ANGKRINGAN-000084
8511,DEMO-U-ANGKRINGAN-000085
8512,DEMO-U-ANGKRINGAN-000086
8513,DEMO-U-ANGKRINGAN-000087
8514,DEMO-U-ANGKRINGAN-000088
8515,DEMO-U-ANGKRINGAN-000089
8516,DEMO-U-ANGKRINGAN-000090
8517,DEMO-U-ANGKRINGAN-000091
8518,DEMO-U-ANGKRINGAN-000092
8519,DEMO-U-ANGKRINGAN-000093
8520,DEMO-U-ANGKRINGAN-000094
8521,DEMO-U-ANGKRINGAN-000095
8522,DEMO-U-ANGKRINGAN-000096
8523,DEMO-U-ANGKRINGAN-000097
8524,DEMO-U-ANGKRINGAN-000098
8525,DEMO-U-ANGKRINGAN-000099
8526,DEMO-U-ANGKRINGAN-000100
8527,DEMO-U-ANGKRINGAN-000101
8528,DEMO-U-ANGKRINGAN-000102
8529,DEMO-U-ANGKRINGAN-000103
8530,DEMO-U-ANGKRINGAN-000104
8531,DEMO-U-ANGKRINGAN-000105
8532,DEMO-U-ANGKRINGAN-000106
8533,DEMO-U-ANGKRINGAN-000107
8534,DEMO-U-ANGKRINGAN-000108
8535,DEMO-U-ANGKRINGAN-000109
8536,DEMO-U-ANGKRINGAN-000110
8537,DEMO-U-ANGKRINGAN-000111
8538,DEMO-U-ANGKRINGAN-000112
8539,DEMO-U-ANGKRINGAN-000113
8540,DEMO-U-ANGKRINGAN-000114
8541,DEMO-U-ANGKRINGAN-000115
8542,DEMO-U-ANGKRINGAN-000116
8543,DEMO-U-ANGKRINGAN-000117
8544,DEMO-U-ANGKRINGAN-000118
8545,DEMO-U-ANGKRINGAN-000119
8546,DEMO-U-ANGKRINGAN-000120
8547,DEMO-U-ANGKRINGAN-000121
8548,DEMO-U-ANGKRINGAN-000122
8549,DEMO-U-ANGKRINGAN-000123
8550,DEMO-U-ANGKRINGAN-000124
8551,DEMO-U-ANGKRINGAN-000125
8552,DEMO-U-ANGKRINGAN-000126
8553,DEMO-U-ANGKRINGAN-000127
8554,DEMO-U-ANGKRINGAN-000128
8555,DEMO-U-ANGKRINGAN-000129
8556,DEMO-U-ANGKRINGAN-000130
8557,DEMO-U-ANGKRINGAN-000131
8558,DEMO-U-ANGKRINGAN-000132
8559,DEMO-U-ANGKRINGAN-000133
8560,DEMO-U-ANGKRINGAN-000134
8561,DEMO-U-ANGKRINGAN-000135
8562,DEMO-U-ANGKRINGAN-000136
8563,DEMO-U-ANGKRINGAN-000137
8564,DEMO-U-ANGKRINGAN-000138
8565,DEMO-U-ANGKRINGAN-000139
8566,DEMO-U-ANGKRINGAN-000140
8567,DEMO-U-ANGKRINGAN-000141
8568,DEMO-U-ANGKRINGAN-000142
8569,DEMO-U-ANGKRINGAN-000143
8570,DEMO-U-ANGKRINGAN-000144
8571,DEMO-U-ANGKRINGAN-000145
8572,DEMO-U-ANGKRINGAN-000146
8573,DEMO-U-ANGKRINGAN-000147
8574,DEMO-U-ANGKRINGAN-000148
8575,DEMO-U-ANGKRINGAN-000149
8576,DEMO-U-ANGKRINGAN-000150
8577,DEMO-U-ANGKRINGAN-000151
8578,DEMO-U-ANGKRINGAN-000152
8579,DEMO-U-ANGKRINGAN-000153
8580,DEMO-U-ANGKRINGAN-000154
8581,DEMO-U-ANGKRINGAN-000155
8582,DEMO-U-ANGKRINGAN-000156
8583,DEMO-U-ANGKRINGAN-000157
8584,DEMO-U-ANGKRINGAN-000158
8585,DEMO-U-ANGKRINGAN-000159
8586,DEMO-U-ANGKRINGAN-000160
8587,DEMO-U-ANGKRINGAN-000161
8588,DEMO-U-ANGKRINGAN-000162
8589,DEMO-U-ANGKRINGAN-000163
8590,DEMO-U-ANGKRINGAN-000164
8591,DEMO-U-ANGKRINGAN-000165
8592,DEMO-U-ANGKRINGAN-000166
8593,DEMO-U-ANGKRINGAN-000167
8594,DEMO-U-ANGKRINGAN-000168
8595,DEMO-U-ANGKRINGAN-000169
8596,DEMO-U-ANGKRINGAN-000170
8597,DEMO-U-ANGKRINGAN-000171
8598,DEMO-U-ANGKRINGAN-000172
8599,DEMO-U-ANGKRINGAN-000173
8600,DEMO-U-ANGKRINGAN-000174
8601,DEMO-U-ANGKRINGAN-000175
8602,DEMO-U-ANGKRINGAN-000176
8603,DEMO-U-ANGKRINGAN-000177
8604,DEMO-U-ANGKRINGAN-000178
8605,DEMO-U-ANGKRINGAN-000179
8606,DEMO-U-ANGKRINGAN-000180
8607,DEMO-U-ANGKRINGAN-000181
8608,DEMO-U-ANGKRINGAN-000182
8609,DEMO-U-ANGKRINGAN-000183
8610,DEMO-U-ANGKRINGAN-000184
8611,DEMO-U-ANGKRINGAN-000185
8612,DEMO-U-ANGKRINGAN-000186
8613,DEMO-U-ANGKRINGAN-000187
8614,DEMO-U-ANGKRINGAN-000188
8615,DEMO-U-ANGKRINGAN-000189
8616,DEMO-U-ANGKRINGAN-000190
8617,DEMO-U-ANGKRINGAN-000191
8618,DEMO-U-ANGKRINGAN-000192
8619,DEMO-U-ANGKRINGAN-000193
8620,DEMO-U-ANGKRINGAN-000194
8621,DEMO-U-ANGKRINGAN-000195
8622,DEMO-U-ANGKRINGAN-000196
8623,DEMO-U-ANGKRINGAN-000197
8624,DEMO-U-ANGKRINGAN-000198
8625,DEMO-U-ANGKRINGAN-000199
8626,DEMO-U-ANGKRINGAN-000200
8627,DEMO-U-ANGKRINGAN-000201
8628,DEMO-U-ANGKRINGAN-000202
8629,DEMO-U-ANGKRINGAN-000203
8630,DEMO-U-ANGKRINGAN-000204
8631,DEMO-U-ANGKRINGAN-000205
8632,DEMO-U-ANGKRINGAN-000206
8633,DEMO-U-ANGKRINGAN-000207
8634,DEMO-U-ANGKRINGAN-000208
8635,DEMO-U-ANGKRINGAN-000209
8636,DEMO-U-ANGKRINGAN-000210
8637,DEMO-U-ANGKRINGAN-000211
8638,DEMO-U-ANGKRINGAN-000212
8639,DEMO-U-ANGKRINGAN-000213
8640,DEMO-U-ANGKRINGAN-000214
8641,DEMO-U-ANGKRINGAN-000215
8642,DEMO-U-ANGKRINGAN-000216
8643,DEMO-U-ANGKRINGAN-000217
8644,DEMO-U-ANGKRINGAN-000218
8645,DEMO-U-ANGKRINGAN-000219
8646,DEMO-U-ANGKRINGAN-000220
8647,DEMO-U-ANGKRINGAN-000221
8648,DEMO-U-ANGKRINGAN-000222
8649,DEMO-U-ANGKRINGAN-000223
8650,DEMO-U-ANGKRINGAN-000224
8651,DEMO-U-ANGKRINGAN-000225
8652,DEMO-U-ANGKRINGAN-000226
8653,DEMO-U-ANGKRINGAN-000227
8654,DEMO-U-ANGKRINGAN-000228
8655,DEMO-U-ANGKRINGAN-000229
8656,DEMO-U-ANGKRINGAN-000230
8657,DEMO-U-ANGKRINGAN-000231
8658,DEMO-U-ANGKRINGAN-000232
8659,DEMO-U-ANGKRINGAN-000233
8660,DEMO-U-ANGKRINGAN-000234
8661,DEMO-U-ANGKRINGAN-000235
8662,DEMO-U-ANGKRINGAN-000236
8663,DEMO-U-ANGKRINGAN-000237
8664,DEMO-U-ANGKRINGAN-000238
8665,DEMO-U-ANGKRINGAN-000239
8666,DEMO-U-ANGKRINGAN-000240
8667,DEMO-U-ANGKRINGAN-000241
8668,DEMO-U-ANGKRINGAN-000242
8669,DEMO-U-ANGKRINGAN-000243
8670,DEMO-U-ANGKRINGAN-000244
8671,DEMO-U-ANGKRINGAN-000245
8672,DEMO-U-ANGKRINGAN-000246
8673,DEMO-U-ANGKRINGAN-000247
8674,DEMO-U-ANGKRINGAN-000248
8675,DEMO-U-ANGKRINGAN-000249
8676,DEMO-U-ANGKRINGAN-000250
